work_year,experience_level,employment_type,job_title,salary_in_usd,employee_residence,remote_ratio,company_location,company_size
2023,SE,FT,Data Engineer,125944,GB,50,US,L
2021,MI,FT,ML Engineer,80054,US,0,US,M
2022,EX,FT,Principal Data Eng.,208069,US,100,US,M
2020,SE,FT,ML Engineer,130760,ES,0,FR,L
2020,EN,FT,Data Scientist,38250,US,0,GB,S
2023,EX,FT,Lead Data Scientist,313211,US,50,US,L
2021,SE,FT,Analytics Manager,141078,US,100,US,M
2022,SE,FT,ML Engineer,141834,AU,100,ES,S
2023,EN,FT,Data Analyst,34800,FR,100,GB,S
2020,MI,FT,Analytics Engineer,72916,GB,100,GB,L
2022,MI,FT,ML Engineer,118697,ES,100,US,M
2023,EX,FT,Principal Data Eng.,235327,US,100,US,L
2023,SE,FT,ML Engineer,99055,AU,0,IN,L
2022,SE,FT,Analytics Engineer,97837,US,100,FR,M
2023,MI,FT,Data Analyst,64740,US,0,GB,M
2023,MI,CT,Data Scientist,96464,US,0,AU,L
2023,SE,FT,Analytics Manager,149503,ES,0,US,L
2022,EN,FT,Analytics Engineer,51041,AU,100,IN,S
2023,SE,FT,Research Scientist,160765,CA,100,US,M
2023,SE,FT,Research Scientist,147762,US,100,US,M
2022,SE,FT,Analytics Manager,124745,US,100,IN,M
2023,MI,FT,ML Engineer,150451,GB,100,AU,L
2023,EX,FT,Research Scientist,169420,US,0,FR,M
2022,EX,FT,Lead Data Scientist,178150,US,100,DE,M
2023,SE,FT,Analytics Manager,256512,CA,100,IN,M
2022,EN,CT,ML Engineer,45656,CA,100,DE,S
2023,MI,FT,Data Scientist,91928,AU,0,US,M
2023,EN,FT,Data Analyst,58269,GB,0,GB,L
2020,EN,FT,Analytics Engineer,48348,US,100,DE,M
2020,SE,FT,Research Scientist,139537,GB,0,CA,M
2022,SE,FT,Data Scientist,138591,US,50,AU,L
2023,EX,FT,Principal Data Eng.,243692,CA,50,GB,S
2022,MI,PT,Analytics Engineer,38101,FR,0,US,M
2023,MI,FT,Research Scientist,86907,US,0,US,M
2022,MI,FT,Data Engineer,88967,US,100,IN,L
2022,EN,PT,Data Analyst,25113,IN,100,US,L
2023,EN,FT,Analytics Engineer,56572,GB,100,IN,M
2022,MI,FT,Data Scientist,68814,GB,0,US,S
2022,MI,FR,ML Engineer,71025,DE,0,US,S
2020,SE,FT,Research Scientist,145176,CA,50,FR,M
2021,MI,FT,Data Analyst,81467,US,50,US,M
2021,SE,FT,Analytics Manager,190141,FR,0,IN,L
2022,SE,FT,Research Scientist,161953,AU,100,US,L
2022,MI,FR,Data Engineer,77647,US,100,GB,M
2022,SE,FT,Analytics Manager,231088,US,100,CA,L
2020,SE,FT,Data Engineer,91546,DE,50,AU,L
2022,MI,FT,Data Analyst,88430,CA,50,US,M
2022,MI,FT,Data Scientist,59784,US,0,US,M
2023,SE,CT,Research Scientist,146127,GB,0,CA,L
2022,EN,FR,Analytics Engineer,39325,DE,100,ES,M
2021,EN,FT,ML Engineer,59203,GB,50,IN,L
2022,EN,FR,Data Analyst,23438,US,100,IN,S
2023,SE,FT,Principal Data Eng.,208682,US,100,GB,M
2023,SE,FT,Data Analyst,74813,GB,0,CA,L
2023,SE,FR,Data Engineer,67802,AU,0,IN,M
2023,SE,FT,Data Scientist,146758,GB,0,IN,M
2022,MI,FT,Data Analyst,80210,US,0,FR,M
2023,SE,FT,ML Engineer,114004,AU,100,IN,S
2020,EN,FT,Data Scientist,45490,US,100,IN,S
2023,EN,PT,Data Scientist,37076,GB,100,US,M
2023,SE,FT,AI Specialist,164242,US,100,US,M
2023,MI,FT,Data Analyst,87068,DE,50,ES,M
2022,SE,FT,Analytics Manager,132509,DE,0,GB,M
2023,SE,FT,ML Engineer,189065,FR,50,US,L
2021,SE,FT,AI Specialist,97658,US,50,GB,M
2022,SE,FT,AI Specialist,108797,GB,100,CA,M
2022,SE,PT,Data Scientist,82562,US,50,IN,M
2022,MI,FR,Data Scientist,61869,ES,0,IN,S
2023,EN,FR,ML Engineer,53600,US,0,US,L
2022,MI,FT,Data Engineer,90690,CA,0,GB,M
2021,MI,FT,Data Scientist,92144,DE,100,US,S
2022,MI,PT,AI Specialist,63294,US,0,AU,L
2023,EX,FT,AI Specialist,152403,US,0,US,L
2023,MI,FT,Data Engineer,84188,US,0,CA,L
2023,EN,PT,Analytics Engineer,26629,GB,100,CA,L
2021,MI,FR,ML Engineer,94721,ES,100,CA,L
2023,MI,FT,Data Engineer,69188,GB,100,CA,M
2023,SE,CT,ML Engineer,87947,ES,50,DE,M
2020,SE,FT,Data Scientist,54118,US,0,CA,M
2022,SE,FT,Principal Data Eng.,187310,US,100,US,M
2022,SE,FT,Analytics Manager,70677,AU,0,US,M
2022,MI,FT,Data Scientist,55141,IN,0,GB,S
2021,SE,FT,Lead Data Scientist,185060,US,100,US,M
2021,EN,FT,Data Engineer,39252,DE,0,FR,L
2020,EN,FT,ML Engineer,40385,AU,0,US,L
2021,EN,CT,Data Analyst,32010,FR,100,IN,M
2022,SE,FT,Data Scientist,86305,CA,50,US,S
2023,MI,CT,Research Scientist,79093,US,0,FR,M
2022,EN,FT,Analytics Engineer,33137,US,50,US,M
2022,SE,FT,ML Engineer,154945,CA,100,GB,L
2023,EN,FT,Data Engineer,46830,GB,0,US,L
2022,SE,FT,Research Scientist,148645,US,0,CA,L
2021,MI,FT,Data Engineer,110143,US,100,US,L
2021,MI,FT,Data Engineer,93140,US,100,FR,L
2021,MI,FT,Data Engineer,79062,GB,100,CA,M
2022,SE,FR,Data Engineer,75171,US,50,ES,S
2022,MI,FT,Analytics Engineer,53657,US,0,DE,S
2022,EN,CT,Analytics Engineer,37648,US,100,CA,M
2022,EN,FT,Data Engineer,48920,IN,100,IN,M
2023,EX,FT,AI Specialist,184470,CA,0,US,S
2022,EX,FT,AI Specialist,233046,US,100,CA,L
2022,SE,FT,Research Scientist,91216,GB,0,US,S
2022,MI,FR,Analytics Engineer,65326,US,100,FR,L
2023,EX,FT,AI Specialist,221417,CA,100,US,L
2023,SE,FT,Data Scientist,132241,CA,50,GB,M
2023,SE,FR,Research Scientist,130045,CA,100,CA,M
2021,MI,FT,Analytics Engineer,86432,DE,100,GB,M
2022,MI,FT,Data Engineer,107833,US,0,US,M
2023,EN,CT,Analytics Engineer,28487,US,50,GB,S
2022,EX,FT,Lead Data Scientist,299426,US,100,IN,L
2023,MI,PT,ML Engineer,58486,GB,0,US,M
2022,MI,FT,Research Scientist,90740,GB,50,US,M
2022,MI,CT,Data Scientist,57210,DE,0,ES,L
2022,SE,FT,ML Engineer,201122,US,100,AU,M
2022,EN,FT,Data Analyst,45475,CA,50,US,M
2023,EX,FT,Data Scientist,196868,US,100,GB,M
2021,SE,FT,Data Scientist,127714,US,50,US,S
2022,SE,FT,Data Engineer,117633,DE,0,AU,M
2022,MI,CT,Data Engineer,64495,US,100,GB,M
2023,SE,FT,AI Specialist,109377,US,0,US,M
2022,SE,PT,AI Specialist,59177,US,0,US,S
2023,SE,FT,ML Engineer,179401,DE,50,CA,M
2023,EN,FT,Analytics Engineer,53065,US,100,US,M
2022,MI,FT,Analytics Engineer,70067,ES,50,FR,M
2023,EN,FT,Analytics Engineer,47312,ES,0,GB,S
2023,MI,FT,Data Scientist,59197,IN,0,CA,S
2021,MI,FT,Data Engineer,72981,US,0,IN,M
2022,EN,FT,Data Analyst,29682,DE,0,US,S
2022,EN,CT,Research Scientist,72034,US,100,US,M
2023,SE,FR,Research Scientist,151098,IN,0,GB,L
2021,EN,FT,Analytics Engineer,35451,GB,0,FR,M
2023,EX,FT,Data Engineer,193539,US,100,US,L
2022,SE,FT,Data Scientist,111537,US,100,FR,S
2022,MI,FT,Data Engineer,48886,FR,0,GB,S
2020,SE,FT,Lead Data Scientist,116723,IN,50,CA,L
2023,EN,FT,Data Analyst,47897,GB,0,CA,L
2022,EX,FT,AI Specialist,207783,GB,100,US,L
2022,MI,FT,Analytics Manager,70200,FR,0,US,S
2022,SE,CT,ML Engineer,112136,IN,0,FR,L
2021,EN,FT,Data Analyst,35124,FR,50,US,M
2022,MI,FT,Data Scientist,71311,US,0,CA,M
2023,MI,FT,Data Scientist,82725,CA,0,ES,S
2021,EX,FT,Principal Data Eng.,249985,IN,0,US,L
2023,SE,FT,Data Engineer,155094,US,100,GB,S
2020,MI,FT,ML Engineer,86360,US,100,US,L
2023,MI,PT,Data Engineer,52600,US,100,US,M
2021,MI,PT,ML Engineer,55055,US,100,ES,L
2022,SE,FT,Analytics Manager,157178,FR,50,ES,L
2022,MI,FT,ML Engineer,162444,US,100,US,L
2021,EN,PT,Data Scientist,19160,GB,100,ES,S
2022,SE,FT,AI Specialist,72017,US,100,US,S
2022,EX,FT,ML Engineer,173534,AU,100,ES,M
2022,EN,FT,Data Analyst,22953,IN,50,IN,M
2023,SE,FT,ML Engineer,83952,GB,0,US,S
2022,EN,FT,Analytics Engineer,29566,DE,50,CA,S
2023,SE,CT,ML Engineer,105256,US,0,FR,M
2022,MI,CT,ML Engineer,37161,IN,50,US,S
2021,SE,FT,AI Specialist,130135,DE,0,US,S
2021,SE,FT,Lead Data Scientist,92586,US,0,CA,L
2022,SE,FT,ML Engineer,132635,ES,100,US,M
2022,EN,FR,Data Engineer,48152,US,100,US,L
2023,EX,FT,Lead Data Scientist,329321,CA,100,US,L
2023,MI,FT,Analytics Manager,94648,US,50,FR,S
2022,EN,PT,Data Engineer,42730,DE,100,US,L
2022,SE,CT,Data Scientist,96939,US,100,GB,M
2022,MI,FT,Data Analyst,61966,US,100,US,M
2022,SE,FT,Lead Data Scientist,155981,GB,100,US,S
2021,SE,FT,AI Specialist,132845,ES,50,CA,S
2021,MI,FT,ML Engineer,79043,US,50,US,S
2022,EX,FT,Lead Data Scientist,258124,CA,100,DE,M
2021,MI,FT,ML Engineer,101012,GB,100,US,L
2023,SE,FT,AI Specialist,143131,IN,50,DE,M
2020,MI,FR,Research Scientist,88589,US,50,US,L
2021,EX,FT,Principal Data Eng.,366300,GB,50,IN,L
2023,EN,PT,Data Analyst,22714,ES,50,US,M
2023,EN,FT,Data Analyst,33183,US,100,AU,S
2022,MI,FR,Data Analyst,62040,GB,100,US,L
2022,EX,FT,Analytics Manager,222982,AU,50,US,M
2023,EX,FR,Lead Data Scientist,103523,US,50,CA,S
2020,SE,FT,Analytics Manager,135223,US,50,US,M
2022,EX,FT,AI Specialist,240175,US,0,GB,L
2021,EX,FR,AI Specialist,160475,FR,100,FR,M
2022,SE,FT,Research Scientist,154614,AU,100,FR,M
2023,MI,FR,ML Engineer,107355,CA,100,CA,S
2023,SE,FT,Research Scientist,119613,CA,0,ES,S
2023,SE,FT,Data Engineer,54120,US,100,GB,S
2023,MI,FT,Data Engineer,69751,US,100,US,L
2022,EN,FT,Analytics Engineer,43682,US,0,IN,L
2023,SE,FT,Research Scientist,109657,US,100,US,S
2023,MI,FT,ML Engineer,97674,US,100,US,M
2022,EX,FT,Principal Data Eng.,185575,CA,100,US,S
2022,MI,FT,Analytics Engineer,63846,US,0,US,S
2022,EN,FR,Data Analyst,23409,US,0,US,M
2021,SE,FT,ML Engineer,114674,US,50,US,M
2022,EN,FR,Data Analyst,31780,US,0,CA,M
2021,EN,CT,Analytics Engineer,35006,US,50,FR,M
2022,SE,FT,Analytics Engineer,112423,US,100,AU,M
2021,EX,FT,ML Engineer,75140,US,0,US,S
2022,EN,FT,Data Scientist,41897,GB,50,US,S
2022,MI,FT,Analytics Engineer,81868,FR,100,CA,L
2021,SE,CT,Analytics Manager,177179,IN,100,US,L
2023,EX,PT,AI Specialist,160718,FR,50,US,L
2022,SE,FT,ML Engineer,161127,CA,100,CA,L
2022,EN,FT,Data Analyst,38184,AU,0,FR,M
2020,EN,FT,Data Analyst,46167,GB,0,US,L
2023,MI,FT,Data Engineer,103515,CA,100,DE,M
2022,EN,FR,Data Scientist,36766,US,50,CA,S
2022,SE,FT,Analytics Manager,163522,US,0,IN,S
2021,EN,FT,Data Analyst,23590,US,0,US,S
2023,SE,FR,Analytics Engineer,65076,US,100,FR,S
2023,SE,FT,Data Scientist,118313,FR,0,FR,M
2022,SE,FT,AI Specialist,156083,US,100,US,L
2021,EN,FR,Data Analyst,18121,DE,50,CA,L
2021,SE,FR,Data Scientist,86952,IN,100,DE,M
2020,SE,FT,Analytics Manager,111339,GB,0,US,S
2023,SE,FT,Analytics Manager,165613,US,0,GB,L
2023,EN,FR,Data Engineer,39116,GB,100,GB,M
2023,EN,FT,Data Analyst,37409,US,100,FR,S
2023,EX,FT,AI Specialist,207537,ES,0,US,M
2021,MI,FT,Analytics Engineer,73212,DE,50,GB,M
2023,MI,PT,Data Scientist,43662,DE,50,US,M
2022,MI,CT,ML Engineer,91848,GB,0,CA,L
2022,SE,CT,Data Scientist,96433,DE,100,DE,L
2023,EX,FT,Principal Data Eng.,207547,DE,0,GB,M
2020,MI,FT,Data Scientist,89885,US,100,GB,S
2023,EX,CT,Lead Data Scientist,171693,US,0,US,L
2023,EN,FT,Data Analyst,35050,US,50,US,M
2023,SE,FT,ML Engineer,79940,GB,0,FR,S
2023,SE,FR,Data Analyst,72089,IN,50,US,M
2022,EN,FR,Data Engineer,41818,CA,50,FR,M
2020,EN,PT,Data Analyst,24357,GB,100,CA,M
2023,MI,CT,Data Engineer,53905,AU,50,AU,S
2022,EX,FT,Lead Data Scientist,204824,US,100,US,M
2023,SE,FT,AI Specialist,90278,US,0,GB,S
2021,EX,FT,Analytics Manager,134559,AU,50,US,S
2022,SE,FT,AI Specialist,72901,AU,0,AU,S
2022,MI,FT,Data Scientist,102287,DE,50,DE,L
2023,SE,FT,Research Scientist,179119,US,100,CA,M
2023,EN,CT,Data Analyst,35695,ES,100,DE,M
2023,EN,FT,Data Analyst,49363,FR,100,US,M
2022,SE,FR,ML Engineer,163216,DE,100,CA,L
2022,SE,FT,Analytics Engineer,94655,US,0,FR,M
2020,MI,FR,Data Scientist,81903,GB,0,US,L
2021,SE,FT,ML Engineer,102040,IN,100,ES,M
2022,SE,FT,Data Scientist,86933,IN,0,AU,S
2022,EX,FT,Lead Data Scientist,174729,CA,0,ES,M
2022,SE,FT,AI Specialist,174388,GB,100,FR,M
2022,MI,FT,Data Scientist,68469,DE,100,US,L
2022,MI,CT,Research Scientist,118479,GB,100,CA,L
2023,MI,FT,Data Engineer,84645,US,50,US,M
2021,SE,FT,Data Scientist,189494,US,100,FR,L
2022,EX,FT,Research Scientist,170697,US,0,US,M
2023,MI,FT,Data Scientist,74853,FR,50,IN,M
2023,MI,FT,Analytics Engineer,87278,US,50,US,M
2023,MI,FT,ML Engineer,94502,US,100,US,S
2021,SE,CT,ML Engineer,109890,AU,100,US,L
2022,SE,FR,Research Scientist,63182,DE,100,DE,S
2023,EN,FT,Analytics Engineer,24950,US,0,US,M
2022,EN,PT,Data Analyst,23787,US,50,US,M
2022,SE,FT,AI Specialist,143712,FR,0,US,S
2023,EN,CT,Data Engineer,26870,US,100,US,S
2021,SE,FT,AI Specialist,117243,GB,0,ES,M
2023,MI,PT,Data Scientist,32917,GB,0,GB,S
2023,EN,FR,Analytics Engineer,59293,US,100,US,M
2021,EX,FT,Analytics Manager,291187,DE,50,US,M
2023,EN,CT,Data Engineer,47024,US,100,US,M
2022,MI,FT,Data Engineer,68234,GB,0,US,S
2023,EN,FR,Analytics Engineer,58944,US,100,US,L
2023,EN,FT,Data Analyst,31964,US,0,US,L
2023,EN,FR,Data Engineer,35272,US,0,US,S
2020,EN,CT,Data Analyst,27569,IN,50,US,L
2023,EN,FT,Analytics Manager,56639,US,0,FR,M
2023,EN,FT,Data Analyst,51171,US,100,US,M
2022,SE,FT,ML Engineer,137060,US,0,DE,L
2022,SE,FT,Data Scientist,147355,DE,0,CA,L
2020,MI,FT,Data Engineer,103666,GB,100,AU,L
2023,MI,PT,Data Engineer,24908,ES,0,US,M
2020,SE,FT,AI Specialist,77896,DE,100,FR,M
2022,EX,FT,Research Scientist,262590,GB,100,IN,M
2023,EX,FT,AI Specialist,209529,CA,0,ES,S
2023,EN,FT,Data Analyst,44790,US,100,FR,M
2023,EN,CT,Data Analyst,29130,ES,0,US,S
2022,MI,FT,Research Scientist,112350,ES,50,ES,M
2021,MI,FR,Data Engineer,56487,US,0,IN,S
2022,SE,FT,AI Specialist,115770,CA,100,US,S
2021,MI,FR,Data Scientist,86891,US,100,US,M
2023,EN,FT,Analytics Engineer,45263,GB,100,AU,M
2022,MI,FT,ML Engineer,100089,FR,100,US,M
2022,SE,FT,Analytics Engineer,97805,AU,50,FR,S
2020,EN,FT,Data Scientist,40279,US,100,US,M
2022,SE,FT,ML Engineer,119201,DE,100,DE,M
2023,EN,CT,Data Analyst,60901,DE,100,US,L
2023,EX,PT,Principal Data Eng.,126831,US,100,DE,M
2021,EN,PT,Data Analyst,24832,CA,100,GB,M
2021,SE,FT,Lead Data Scientist,151110,CA,0,AU,M
2022,EX,FT,Principal Data Eng.,279933,FR,100,US,L
2021,EX,FT,AI Specialist,262299,ES,100,US,L
2023,SE,FT,ML Engineer,159185,US,100,US,M
2023,SE,FT,AI Specialist,118633,US,0,US,M
2021,SE,FT,Data Scientist,116409,US,100,ES,S
2023,SE,FR,AI Specialist,122630,US,0,US,L
2022,EN,CT,Data Analyst,45751,GB,50,US,M
2021,SE,FT,Data Scientist,131591,IN,100,FR,M
2022,SE,FT,Research Scientist,124373,GB,0,US,L
2020,EX,FT,Lead Data Scientist,242371,DE,100,US,L
2022,MI,FR,ML Engineer,48918,US,0,DE,S
2023,MI,FT,Data Scientist,81165,US,100,US,S
2023,SE,FT,Data Scientist,108058,IN,100,IN,S
2022,MI,FT,Data Engineer,64401,CA,50,CA,M
2023,EN,FR,Data Analyst,28369,US,100,US,S
2021,MI,FT,Data Engineer,114365,AU,0,CA,L
2022,MI,FT,Data Engineer,97443,GB,100,IN,L
2021,MI,FT,Data Scientist,72234,US,100,US,M
2022,MI,PT,Analytics Engineer,33976,GB,0,DE,M
2021,MI,FT,Data Analyst,73270,DE,100,US,M
2023,MI,FT,Data Scientist,66149,US,100,GB,S
2023,MI,CT,Data Analyst,52330,IN,100,DE,L
2022,SE,FT,Lead Data Scientist,132626,GB,100,US,S
2023,MI,FT,Data Engineer,65051,GB,50,GB,S
2021,EX,FT,Data Engineer,147578,IN,100,US,M
2023,EX,FT,Principal Data Eng.,155510,GB,0,DE,S
2022,MI,FT,Data Scientist,75812,US,50,CA,M
2021,MI,FT,ML Engineer,94485,US,100,US,L
2023,SE,FT,ML Engineer,125056,US,0,US,L
2022,SE,FT,ML Engineer,141699,US,100,AU,M
2022,SE,FT,Research Scientist,215618,US,0,US,L
2022,SE,FT,ML Engineer,174508,CA,100,US,M
2020,SE,FT,Research Scientist,220838,US,100,US,L
2020,SE,FT,Data Scientist,99181,US,50,CA,M
2022,MI,FT,Data Engineer,89932,CA,0,US,M
2022,SE,FT,Data Engineer,137158,US,50,IN,L
2020,MI,PT,ML Engineer,60118,CA,100,DE,M
2022,SE,FT,ML Engineer,134602,DE,100,US,S
2022,EX,FT,Principal Data Eng.,218274,US,50,CA,M
2023,EN,FT,Data Analyst,53412,US,100,US,M
2023,SE,FT,ML Engineer,154397,GB,50,US,M
2022,EN,FT,Data Analyst,23377,US,50,CA,M
2022,SE,FT,AI Specialist,161797,GB,50,US,L
2022,EN,FT,Data Engineer,50593,DE,0,AU,M
2022,EX,FT,Analytics Manager,246680,CA,100,CA,M
2020,EN,FT,Data Analyst,38737,GB,100,US,M
2020,EX,FT,Lead Data Scientist,203571,ES,100,ES,L
2023,SE,FT,Data Scientist,120627,US,100,GB,S
2021,SE,FT,Research Scientist,111219,AU,50,US,S
2022,SE,FT,AI Specialist,127104,FR,0,GB,M
2022,SE,FT,Data Scientist,106409,US,100,ES,M
2022,EX,FT,Lead Data Scientist,330417,US,100,GB,L
2023,MI,FT,ML Engineer,107257,US,100,GB,M
2023,SE,FT,Data Engineer,151163,AU,50,GB,L
2020,EN,FR,Data Analyst,48388,US,100,US,M
2023,SE,FR,ML Engineer,115068,IN,100,US,S
2022,EN,FT,Data Engineer,53482,GB,100,CA,S
2022,SE,FT,Research Scientist,128246,GB,100,AU,S
2023,SE,FT,ML Engineer,137649,CA,50,DE,M
2023,MI,PT,Data Engineer,31150,US,0,US,M
2022,SE,PT,Data Analyst,60651,GB,50,US,M
2023,SE,FT,Analytics Engineer,50190,AU,50,US,M
2023,SE,FT,Data Scientist,134784,US,100,US,M
2022,MI,FR,Analytics Engineer,73655,AU,100,DE,M
2020,SE,FR,Data Engineer,82010,ES,50,US,M
2022,EX,FT,Analytics Manager,194636,US,50,IN,M
2022,EN,FT,Analytics Engineer,35226,GB,100,GB,M
2022,EN,FT,Data Analyst,53066,US,100,DE,M
2022,EN,FT,Analytics Engineer,36786,CA,0,AU,M
2023,SE,FT,Data Scientist,114683,ES,100,DE,M
2022,MI,FT,Data Engineer,82067,AU,50,AU,M
2023,SE,FT,Principal Data Eng.,170487,AU,50,FR,M
2023,SE,FT,Research Scientist,125382,US,0,CA,M
2023,MI,FT,Data Analyst,55666,GB,100,US,S
2023,EX,FT,AI Specialist,214478,US,100,US,M
2023,SE,FT,AI Specialist,236803,AU,100,IN,L
2021,MI,FT,Analytics Engineer,54354,US,0,US,S
2023,MI,FT,AI Specialist,114808,US,100,ES,L
2023,MI,FR,Data Engineer,70489,US,100,US,S
2022,EN,CT,Data Analyst,31967,US,0,DE,M
2021,EN,FT,Analytics Engineer,39029,US,0,US,M
2023,EX,FT,Lead Data Scientist,176213,US,0,ES,S
2021,MI,FR,Data Engineer,88937,IN,100,US,L
2022,MI,FT,Research Scientist,73956,FR,0,US,M
2021,SE,FT,Analytics Manager,131801,US,50,IN,L
2022,SE,FT,Data Engineer,146947,FR,100,US,M
2022,EX,FT,ML Engineer,293032,GB,100,US,L
2022,SE,FT,ML Engineer,124892,FR,100,AU,L
2023,MI,FR,Data Scientist,77927,US,100,IN,M
2022,MI,FT,Data Scientist,53166,CA,0,US,S
2022,EX,FT,AI Specialist,238657,US,100,CA,M
2023,SE,FT,Lead Data Scientist,157761,US,0,US,M
2023,EX,FT,AI Specialist,359604,CA,0,US,L
2021,EN,FT,Data Engineer,44107,FR,100,CA,M
2020,EX,FT,Lead Data Scientist,224959,FR,0,US,M
2022,SE,FT,Data Engineer,112977,US,0,GB,S
2023,EN,FT,Data Analyst,46635,GB,100,US,M
2022,SE,CT,Data Scientist,105821,FR,0,IN,L
2021,SE,CT,Analytics Manager,96187,US,0,GB,S
2023,EN,CT,Data Analyst,44516,US,100,US,L
2023,MI,FR,ML Engineer,122126,US,100,AU,L
2022,SE,FR,ML Engineer,86120,US,100,IN,S
2023,MI,CT,Data Engineer,48975,US,0,US,S
2023,MI,FT,Research Scientist,100451,US,100,ES,M
2023,MI,PT,Data Engineer,30717,CA,100,US,M
2023,MI,FT,ML Engineer,85532,DE,0,US,S
2023,EX,FT,AI Specialist,258681,FR,0,US,L
2022,SE,FT,Data Engineer,88019,CA,0,US,M
2022,EN,CT,Data Analyst,49897,US,100,DE,L
2023,EX,FR,Research Scientist,124547,AU,0,GB,L
2022,EX,CT,Lead Data Scientist,232142,DE,100,AU,L
2022,MI,FT,Data Engineer,77083,GB,100,US,M
2021,SE,FT,ML Engineer,110690,US,0,US,M
2023,EN,CT,Data Analyst,40283,CA,100,US,M
2023,EX,FT,Analytics Manager,158247,CA,0,US,S
2022,SE,FT,AI Specialist,124696,DE,0,ES,M
2022,SE,FT,Research Scientist,119349,FR,100,DE,S
2021,EN,FT,AI Specialist,67493,AU,50,FR,M
2023,EX,FT,Data Scientist,134315,ES,100,FR,S
2023,EN,FT,Data Analyst,66161,CA,100,US,M
2022,MI,FT,Data Scientist,64889,ES,0,US,M
2022,EN,FT,Data Analyst,41982,AU,50,GB,M
2023,SE,FT,AI Specialist,175478,US,0,IN,L
2022,EN,CT,Data Engineer,31094,CA,100,US,S
2023,EX,FT,ML Engineer,316263,US,100,US,L
2020,SE,FT,Analytics Manager,179226,US,50,DE,L
2020,EN,FT,Data Analyst,34999,US,100,US,M
2022,EN,FR,Data Engineer,56842,GB,100,GB,M
2021,EN,FT,Analytics Engineer,34441,US,100,US,M
2022,SE,FT,Research Scientist,93121,US,0,GB,S
2023,SE,FT,Data Engineer,121788,US,0,US,M
2021,MI,PT,Research Scientist,41993,CA,0,AU,S
2022,SE,FT,Lead Data Scientist,184718,AU,50,DE,L
2023,EN,FT,Analytics Engineer,52917,ES,50,US,L
2023,SE,FR,Research Scientist,135275,GB,0,FR,L
2022,EX,FT,Analytics Manager,254722,US,50,FR,M
2021,SE,FT,Research Scientist,128203,IN,50,DE,M
2022,SE,CT,Research Scientist,96023,US,0,AU,L
2022,SE,FT,Research Scientist,117473,ES,100,FR,M
2023,EN,CT,Data Scientist,52581,DE,100,US,S
2022,MI,FT,Data Scientist,65020,GB,50,US,M
2022,EN,CT,Data Analyst,35205,US,100,US,M
2023,SE,CT,Analytics Manager,160108,US,0,GB,M
2022,SE,FT,Data Scientist,113932,GB,100,ES,S
2021,SE,FT,Data Scientist,100819,US,100,CA,M
2022,EX,FR,Principal Data Eng.,168734,IN,50,US,M
2023,EN,FT,Data Analyst,49004,CA,100,ES,S
2023,SE,PT,Data Engineer,47914,GB,100,DE,S
2022,EN,FT,Analytics Engineer,38521,US,100,US,M
2023,MI,FT,ML Engineer,103363,GB,0,AU,L
2022,SE,FT,Data Engineer,102142,US,0,US,M
2022,EX,FT,Analytics Manager,251321,DE,100,GB,M
2022,SE,FT,Data Engineer,85869,CA,50,GB,L
2021,EN,FT,Analytics Engineer,39296,IN,100,AU,M
2022,SE,FT,ML Engineer,180649,GB,100,US,L
2023,EN,PT,Data Analyst,26181,US,0,US,M
2021,EX,CT,Principal Data Eng.,154766,IN,0,DE,M
2023,SE,FT,Research Scientist,98039,DE,50,AU,S
2023,EN,CT,Data Scientist,33715,DE,0,US,S
2022,EN,FT,Data Scientist,45991,GB,100,US,L
2021,EN,FT,ML Engineer,81922,IN,100,ES,L
2021,EX,FT,Lead Data Scientist,238462,US,50,FR,L
2021,MI,FT,Data Engineer,72545,US,100,US,L
2022,SE,FT,Analytics Manager,103490,FR,100,US,S
2023,SE,FR,Research Scientist,138398,US,100,GB,L
2023,SE,FR,Data Scientist,68587,FR,0,DE,M
2020,EN,FT,Analytics Engineer,50321,US,100,CA,L
2022,EX,FT,AI Specialist,152287,US,100,FR,S
2021,MI,FT,Data Scientist,75298,US,0,US,M
2023,SE,CT,AI Specialist,173148,IN,100,IN,L
2021,SE,FT,ML Engineer,183027,FR,100,US,L
2021,SE,FT,Data Scientist,102522,US,0,AU,M
2022,EX,FT,ML Engineer,237802,US,100,US,M
2022,EN,FT,Data Scientist,69295,US,100,US,M
2021,SE,FR,ML Engineer,143470,US,100,US,L
2023,MI,FT,Data Engineer,87675,DE,50,US,M
2021,MI,FT,ML Engineer,79334,US,100,US,M
2020,EN,FT,Data Scientist,37999,US,100,CA,M
2021,EN,FR,Analytics Engineer,47689,US,100,AU,M
2022,MI,FT,Data Scientist,78206,CA,0,GB,M
2023,MI,FR,Analytics Engineer,71077,DE,0,GB,M
2022,MI,FT,Research Scientist,99881,CA,100,US,L
2023,SE,CT,Research Scientist,199924,CA,50,FR,L
2022,SE,FT,AI Specialist,144966,ES,0,US,L
2023,MI,PT,Analytics Engineer,35727,GB,50,US,M
2023,MI,FT,Data Scientist,75333,IN,100,US,M
2022,MI,FT,Data Engineer,112098,CA,50,US,L
2023,SE,FT,ML Engineer,134980,US,100,CA,L
2022,MI,CT,Data Scientist,63773,IN,100,US,M
2023,EN,FT,Data Engineer,85202,CA,100,US,M
2021,MI,FT,Data Engineer,102317,CA,100,IN,L
2023,MI,FT,ML Engineer,71197,US,0,US,M
2022,MI,FT,Analytics Engineer,63238,GB,100,CA,L
2023,SE,CT,Research Scientist,61168,AU,0,US,S
2023,SE,FT,Data Scientist,145711,US,100,AU,M
2022,SE,CT,Data Scientist,109975,US,0,DE,M
2023,SE,FT,Analytics Manager,184718,US,100,US,S
2023,SE,FT,Data Analyst,80419,GB,100,AU,L
2022,MI,FT,Research Scientist,56656,IN,0,US,M
2021,SE,CT,ML Engineer,97068,CA,100,US,S
2021,SE,FT,AI Specialist,226403,AU,0,DE,L
2020,MI,FT,Data Analyst,73293,GB,50,DE,L
2021,SE,FT,Research Scientist,165134,US,50,US,L
2023,MI,FT,Research Scientist,68306,US,50,US,M
2021,SE,FT,Research Scientist,91835,US,100,US,L
2023,SE,FT,ML Engineer,146190,DE,100,CA,M
2022,EX,FT,Lead Data Scientist,207160,US,50,ES,M
2022,EX,FT,Lead Data Scientist,187531,US,100,US,S
2021,SE,FT,Data Engineer,102215,AU,100,ES,M
2022,SE,FT,Research Scientist,135559,CA,100,US,L
2022,SE,CT,Research Scientist,88317,US,0,FR,M
2022,MI,FT,ML Engineer,115862,DE,100,AU,M
2021,SE,FT,ML Engineer,109348,GB,0,DE,L
2023,MI,FT,Data Engineer,79367,IN,100,US,M
2020,EN,FT,Research Scientist,49564,DE,100,US,M
2022,EN,FT,Analytics Engineer,64398,US,100,US,L
2022,SE,FT,Research Scientist,118993,US,0,CA,L
2021,EN,FT,AI Specialist,66650,US,0,ES,L
2023,MI,CT,Analytics Engineer,67748,DE,100,US,L
2021,MI,FT,Data Engineer,71947,GB,0,US,L
2023,EN,FT,Data Engineer,70592,FR,50,US,L
2023,MI,FT,Data Scientist,69825,GB,100,CA,M
2022,SE,FT,Lead Data Scientist,160443,US,100,CA,S
2022,EN,FR,Data Engineer,45123,US,0,US,M
2021,SE,FT,ML Engineer,136694,US,0,FR,L
2023,EX,FT,AI Specialist,215300,US,100,US,M
2022,MI,FT,Data Analyst,102478,GB,50,CA,L
2020,EN,CT,ML Engineer,30355,AU,0,GB,S
2022,SE,FT,Data Engineer,108473,US,0,US,M
2021,EN,FT,Analytics Engineer,36971,DE,50,CA,M
2022,MI,FT,Data Engineer,78722,US,100,DE,M
2022,EX,FT,ML Engineer,163913,DE,0,GB,S
2021,EX,FT,AI Specialist,137075,US,0,FR,S
2023,SE,FT,Research Scientist,102773,CA,100,GB,L
2022,MI,FT,Data Analyst,63306,US,0,US,M
2022,SE,FT,Lead Data Scientist,94854,US,0,ES,S
2022,SE,FT,Analytics Manager,155561,GB,100,ES,S
2023,MI,FT,Data Analyst,67243,US,100,US,M
2022,SE,FT,Analytics Manager,133341,GB,0,ES,S
2023,EN,CT,Data Analyst,31805,US,50,FR,L
2022,MI,CT,Data Analyst,52846,ES,0,US,L
2023,SE,FT,ML Engineer,115544,US,0,GB,M
2021,EN,CT,Data Engineer,26103,GB,100,US,M
2023,EN,PT,Data Engineer,30801,IN,100,CA,S
2021,SE,FR,Data Scientist,71136,DE,100,AU,M
2023,EX,FT,Lead Data Scientist,358360,US,100,US,L
2023,SE,FT,AI Specialist,146658,GB,0,GB,M
2022,SE,PT,AI Specialist,94638,US,100,US,L
2022,EX,CT,Analytics Manager,203222,GB,100,GB,M
2022,EN,FR,Data Engineer,39941,GB,0,FR,M
2022,MI,PT,Data Scientist,47549,FR,100,US,M
2023,MI,FT,Analytics Engineer,72601,IN,0,GB,M
2023,EN,FT,Data Engineer,68234,US,100,US,L
2022,SE,FT,ML Engineer,91041,US,100,FR,S
2021,MI,FT,Data Scientist,89603,US,0,DE,L
2023,MI,FR,Data Scientist,42978,GB,100,DE,L
2021,EN,FT,Data Analyst,19254,US,0,US,M
2022,EN,FT,Data Analyst,46176,CA,100,CA,M
2021,EX,FT,Lead Data Scientist,173448,GB,0,CA,M
2021,EN,PT,Data Scientist,19317,AU,0,DE,M
2020,MI,FT,ML Engineer,92084,US,50,CA,L
2022,MI,FR,Data Scientist,69415,US,100,IN,M
2022,MI,FR,Analytics Engineer,50191,US,0,US,L
2022,SE,FT,ML Engineer,99053,CA,100,US,M
2023,MI,FT,ML Engineer,52987,US,0,ES,M
2023,EN,FR,Analytics Engineer,52223,US,50,US,L
2021,MI,FT,ML Engineer,74704,US,50,AU,M
2020,SE,CT,ML Engineer,132892,FR,0,CA,L
2022,SE,FT,Data Analyst,77311,ES,100,AU,S
2023,SE,FT,Research Scientist,190555,US,50,CA,L
2022,SE,FT,Research Scientist,158499,US,100,IN,L
2021,SE,FT,Research Scientist,164532,GB,100,DE,L
2023,EN,FT,Data Analyst,45347,US,100,GB,M
2020,MI,FT,ML Engineer,85617,ES,100,US,L
2022,SE,FT,ML Engineer,107992,GB,100,US,M
2021,MI,FT,ML Engineer,110505,DE,100,US,L
2023,SE,FT,Research Scientist,165753,AU,100,ES,S
2022,MI,FT,Data Engineer,102112,CA,100,US,M
2023,SE,FT,AI Specialist,134970,US,100,FR,M
2020,EX,FT,Analytics Manager,150780,CA,50,GB,M
2022,SE,FT,Research Scientist,126769,US,100,US,M
2021,EX,FT,Analytics Manager,212632,GB,50,ES,L
2023,SE,FT,Data Engineer,118814,ES,100,US,M
2021,EX,FT,Principal Data Eng.,207847,US,100,CA,L
2020,MI,PT,Data Engineer,24672,GB,100,GB,S
2023,MI,FT,Analytics Engineer,87609,US,100,US,L
2020,SE,FT,AI Specialist,45113,US,100,US,L
2021,EN,FT,Data Analyst,36208,CA,100,DE,M
2023,MI,FT,Analytics Manager,83996,FR,0,US,L
2023,EX,CT,AI Specialist,237047,CA,50,FR,L
2023,SE,FT,ML Engineer,176964,US,0,CA,L
2022,EN,CT,Data Analyst,37261,US,0,US,M
2022,MI,PT,Data Analyst,37233,GB,100,US,M
2023,EN,FT,Data Analyst,38045,GB,100,US,L
2021,EN,FT,Data Analyst,31254,FR,100,FR,M
2023,EX,FT,AI Specialist,243406,CA,0,GB,L
2021,MI,FT,Data Engineer,46931,IN,100,US,M
2023,MI,PT,Data Engineer,70203,FR,50,GB,L
2022,SE,FT,Data Scientist,101007,US,100,GB,S
2022,EN,CT,Data Analyst,31905,CA,100,CA,S
2022,MI,CT,Data Analyst,38936,FR,50,US,L
2021,SE,FT,Data Scientist,95550,ES,0,US,L
2022,SE,FT,ML Engineer,86523,GB,0,US,L
2023,EX,FT,ML Engineer,262166,CA,0,DE,L
2022,SE,FT,ML Engineer,125288,US,50,DE,M
2022,MI,FT,Research Scientist,97097,DE,0,US,M
2021,SE,FT,Data Scientist,84604,AU,0,US,S
2023,EX,FT,Research Scientist,192294,AU,0,DE,M
2022,SE,FT,Research Scientist,116740,US,0,US,M
2021,EX,FT,Analytics Manager,245243,US,100,GB,L
2023,SE,FT,Analytics Engineer,83973,FR,0,GB,S
2022,EX,FT,Lead Data Scientist,217698,CA,100,US,S
2022,EN,FT,Data Engineer,45016,AU,0,GB,M
2023,SE,FT,Lead Data Scientist,207414,US,0,US,S
2022,MI,FT,Research Scientist,115171,IN,0,CA,M
2023,SE,FR,Research Scientist,88423,DE,100,US,M
2023,SE,FT,AI Specialist,134702,US,0,US,M
2022,EX,FT,AI Specialist,194360,US,100,GB,M
2021,EX,FT,Principal Data Eng.,303819,DE,0,US,L
2020,MI,FT,Data Scientist,70850,US,100,CA,M
2022,SE,FT,ML Engineer,129280,FR,0,FR,M
2020,SE,PT,Data Analyst,27340,GB,50,ES,M
2020,MI,FT,Data Scientist,44414,GB,100,US,S
2022,EN,FT,Analytics Engineer,56690,US,0,US,M
2023,EN,CT,Data Engineer,44666,ES,0,US,L
2021,SE,FT,Data Scientist,93956,DE,100,AU,M
2023,MI,FR,ML Engineer,77162,FR,0,US,M
2023,EX,CT,Data Scientist,105680,FR,0,US,M
2023,MI,FT,Data Scientist,95959,CA,50,FR,L
2023,EX,FT,AI Specialist,140174,AU,0,US,M
2023,MI,FT,Data Engineer,72316,CA,100,GB,M
2021,SE,FT,ML Engineer,137170,GB,100,GB,L
2022,EN,FT,Data Analyst,54256,US,100,CA,M
2023,SE,FT,Data Scientist,124741,US,0,DE,M
2023,SE,CT,AI Specialist,126336,DE,100,US,S
2023,EX,FT,Research Scientist,189927,US,100,CA,S
2023,SE,CT,AI Specialist,160441,DE,0,GB,L
2021,EN,FT,Data Engineer,39091,ES,100,US,M
2022,MI,FT,Data Analyst,58173,GB,100,AU,M
2023,EN,FR,Data Scientist,50866,US,100,FR,M
2020,EN,PT,Data Engineer,16740,DE,0,AU,S
2022,SE,CT,AI Specialist,132547,US,0,DE,L
2023,SE,FT,AI Specialist,129264,FR,100,US,S
2022,SE,FT,Research Scientist,217035,GB,100,GB,L
2022,EX,FT,Principal Data Eng.,279413,GB,50,US,M
2023,SE,FT,Data Scientist,99983,CA,0,US,M
2021,SE,FT,Data Engineer,62681,GB,100,US,S
2023,EN,FT,Data Engineer,45642,US,0,US,L
2021,MI,FT,Data Engineer,46727,US,50,US,S
2023,SE,FR,Research Scientist,127863,US,100,IN,S
2022,EX,FT,AI Specialist,232930,AU,0,US,L
2022,EN,FT,Data Analyst,26735,US,0,GB,M
2022,SE,FR,Analytics Manager,105251,US,0,FR,M
2021,SE,FT,Data Scientist,83509,US,100,CA,M
2022,EN,FT,Data Analyst,41440,GB,0,US,L
2023,MI,FT,Data Scientist,91398,US,100,CA,M
2023,EX,FT,Lead Data Scientist,246213,FR,100,FR,S
2021,SE,CT,Analytics Manager,137052,US,100,IN,M
2023,MI,FT,Analytics Engineer,77845,DE,100,US,S
2023,EX,FT,Principal Data Eng.,181907,US,100,US,M
2023,MI,CT,Data Scientist,50917,GB,50,CA,S
2022,EX,FT,Lead Data Scientist,241726,US,100,US,S
2020,MI,FT,Data Analyst,51311,DE,100,FR,M
2023,SE,FT,ML Engineer,122172,ES,100,DE,L
2022,MI,FT,Data Scientist,78965,US,50,FR,S
2022,MI,FT,Data Scientist,61853,ES,50,ES,S
2023,EX,FT,ML Engineer,279495,US,100,CA,L
2022,EN,FT,Analytics Engineer,44702,GB,0,AU,L
2023,EN,FT,Data Engineer,50309,DE,100,CA,M
2020,MI,FR,Data Engineer,70379,US,0,US,M
2023,SE,FT,Research Scientist,118248,GB,100,FR,M
2023,SE,FT,ML Engineer,156982,US,100,DE,S
2023,EX,FT,Principal Data Eng.,183509,DE,50,ES,S
2023,MI,FR,Data Scientist,68782,US,0,US,M
2023,MI,FT,Data Scientist,90453,AU,100,US,M
2022,EN,CT,ML Engineer,41804,US,50,IN,M
2023,SE,FT,Research Scientist,125930,AU,50,US,M
2023,EX,FT,AI Specialist,207365,US,100,CA,M
2022,SE,CT,Research Scientist,89568,CA,50,GB,M
2022,SE,FT,Lead Data Scientist,279098,US,100,US,L
2021,MI,FT,Data Analyst,60261,US,0,US,L
2022,EX,FT,Analytics Manager,251393,US,50,IN,M
2023,MI,FR,Analytics Engineer,87228,CA,100,US,M
2022,EN,PT,Data Engineer,26977,US,0,FR,M
2022,MI,FT,Data Scientist,63103,CA,50,DE,S
2022,EN,FR,ML Engineer,62121,ES,100,CA,L
2020,MI,FT,Data Scientist,74333,US,100,US,S
2023,EN,CT,Data Analyst,39246,US,100,US,M
2022,MI,FT,Data Scientist,54002,US,100,FR,M
2021,SE,CT,Analytics Manager,58235,US,0,US,S
2020,MI,FT,Analytics Engineer,71005,GB,50,US,S
2023,MI,FT,Data Analyst,33293,FR,100,ES,M
2023,EX,FT,Lead Data Scientist,278939,US,100,US,L
2021,SE,FT,Research Scientist,124404,US,100,US,M
2021,SE,FT,Analytics Engineer,106672,CA,50,ES,M
2022,MI,FR,Data Engineer,41844,US,50,US,S
2021,EX,FT,AI Specialist,191641,CA,0,US,M
2023,MI,FT,Data Scientist,77379,AU,100,GB,S
2020,MI,FT,Data Scientist,122400,US,100,FR,M
2022,EX,FT,Analytics Manager,234351,GB,50,AU,L
2022,SE,FT,AI Specialist,171422,FR,0,FR,M
2022,SE,FT,Data Scientist,87277,DE,50,ES,M
2022,SE,FT,AI Specialist,128918,FR,0,US,S
2021,SE,FT,ML Engineer,113403,FR,100,CA,S
2021,MI,FT,Data Engineer,81732,GB,100,US,M
2020,MI,FR,Data Scientist,72095,GB,0,AU,L
2021,MI,FT,Data Scientist,108414,DE,100,AU,M
2023,EN,FT,ML Engineer,63171,DE,100,US,M
2022,EX,FT,AI Specialist,160815,DE,0,IN,M
2022,MI,FR,Analytics Engineer,46555,US,50,CA,S
2021,SE,FT,ML Engineer,120848,IN,50,US,S
2023,SE,FT,Research Scientist,144181,US,0,CA,M
2023,SE,FT,Data Scientist,88553,US,100,ES,M
2023,MI,FR,Research Scientist,102729,US,100,US,M
2022,MI,FT,ML Engineer,74818,US,0,US,L
2023,EX,FT,Analytics Manager,248695,DE,0,ES,L
2022,SE,FT,ML Engineer,133012,US,100,US,L
2023,SE,FT,Analytics Engineer,108286,CA,0,GB,L
2023,EX,FT,Analytics Manager,233472,GB,100,DE,L
2020,SE,FT,Research Scientist,207606,US,100,CA,L
2022,EN,CT,Data Scientist,57178,US,100,US,L
2022,SE,FT,Research Scientist,210294,GB,100,US,L
2021,EN,CT,Data Analyst,58878,DE,100,IN,L
2023,SE,FT,Data Scientist,151347,US,100,GB,L
2020,EX,FT,Research Scientist,226596,US,50,DE,M
2023,SE,FT,Lead Data Scientist,137039,US,50,IN,M
2023,MI,FT,ML Engineer,114389,US,50,US,M
2022,EN,FR,Data Scientist,43850,US,50,IN,L
2022,EX,FT,Lead Data Scientist,200320,ES,0,FR,M
2022,EN,FR,Data Analyst,46099,US,50,ES,L
2023,EN,PT,Data Engineer,35362,US,50,US,L
2021,MI,FT,Data Scientist,57221,IN,0,US,L
2021,EN,FT,Data Analyst,28791,DE,0,DE,M
2022,MI,FT,Data Scientist,114198,GB,100,AU,L
2023,SE,FT,Research Scientist,169709,CA,100,ES,L
2022,MI,FT,Research Scientist,80390,AU,100,US,L
2022,EN,FT,Data Analyst,46133,US,100,GB,L
2023,EN,FT,Data Scientist,54138,US,100,US,M
2021,MI,FR,Research Scientist,78068,IN,100,DE,M
2020,EN,FT,ML Engineer,39320,FR,0,IN,S
2022,SE,FT,Data Analyst,129892,ES,100,FR,L
2020,MI,PT,Analytics Engineer,26113,US,0,US,M
2021,MI,FR,Data Scientist,71811,ES,100,ES,L
2022,MI,PT,Data Engineer,60189,US,100,US,L
2023,MI,FT,Data Analyst,58772,DE,50,GB,M
2022,EN,CT,Data Engineer,32984,AU,100,GB,S
2022,EN,FT,Data Analyst,23803,US,50,GB,S
2022,EX,PT,Analytics Manager,121953,US,0,FR,L
2023,EN,FT,ML Engineer,53829,CA,0,CA,M
2023,SE,FT,ML Engineer,66769,IN,0,US,S
2023,MI,FT,Research Scientist,76010,US,0,US,L
2023,MI,FT,Data Engineer,60528,IN,100,GB,M
2023,MI,FT,Data Engineer,106342,US,100,DE,L
2023,SE,FT,Data Engineer,73709,US,50,GB,M
2021,SE,FT,ML Engineer,106105,US,100,US,S
2023,MI,FT,Data Engineer,70761,AU,0,US,S
2023,MI,FT,ML Engineer,87776,US,0,FR,M
2022,MI,FT,Research Scientist,84093,CA,100,GB,M
2020,MI,PT,Data Analyst,42865,US,100,GB,L
2022,SE,FT,Data Engineer,135776,AU,50,GB,M
2022,MI,FT,Data Scientist,75015,FR,0,US,M
2023,MI,FT,Data Scientist,48170,US,100,US,M
2022,EX,FT,AI Specialist,246595,US,100,US,M
2020,EN,CT,Data Analyst,37575,US,50,DE,L
2021,MI,FT,Analytics Engineer,48348,US,0,US,S
2023,SE,FT,Research Scientist,95759,IN,0,US,L
2020,EN,FT,Data Analyst,36131,CA,100,ES,M
2023,EN,FR,Data Engineer,29509,GB,100,US,S
2022,EN,PT,Data Analyst,18169,DE,100,GB,M
2022,EX,FT,AI Specialist,151273,GB,0,US,S
2022,EN,CT,Analytics Engineer,38810,US,100,US,L
2021,EN,CT,Data Analyst,30415,US,100,US,M
2023,EN,FR,Data Scientist,52412,US,50,IN,M
2023,EN,FT,Data Engineer,53709,CA,100,GB,M
2021,SE,FT,Analytics Manager,127087,US,50,DE,M
2022,MI,FT,Data Scientist,81184,GB,50,ES,L
2023,SE,FT,ML Engineer,160361,US,100,US,L
2023,SE,FT,Data Scientist,120335,DE,50,DE,M
2022,SE,FT,Research Scientist,193798,US,100,US,L
2023,EN,CT,Analytics Engineer,37260,GB,100,GB,L
2021,EX,CT,AI Specialist,207794,US,50,IN,M
2021,SE,PT,Data Scientist,82855,US,50,US,L
2023,EN,CT,Data Analyst,13551,US,100,ES,S
2023,SE,FT,Data Analyst,119855,GB,50,CA,L
2023,EX,FT,AI Specialist,303366,FR,100,US,L
2021,MI,FT,Data Scientist,64347,US,50,US,S
2022,EX,FT,Principal Data Eng.,248172,DE,50,CA,L
2023,MI,FT,Analytics Engineer,84714,CA,100,GB,L
2021,SE,FT,Analytics Engineer,92761,GB,0,US,M
2022,EX,FT,AI Specialist,238173,CA,100,GB,M
2022,MI,FT,Analytics Engineer,62079,US,100,US,L
2021,SE,FT,AI Specialist,143930,DE,50,ES,L
2022,MI,FT,Data Analyst,78973,FR,100,US,S
2021,SE,FT,Principal Data Eng.,176326,FR,100,GB,M
2023,SE,FT,Analytics Manager,231442,US,100,FR,M
2021,MI,FT,Data Scientist,114568,CA,50,DE,M
2021,MI,FT,Research Scientist,74739,US,50,AU,M
2020,MI,FT,Data Scientist,46517,GB,100,ES,S
2020,EN,FT,Analytics Manager,43213,US,100,US,S
2021,EN,CT,Data Analyst,42517,US,100,US,M
2022,MI,FR,Analytics Manager,120886,CA,100,DE,M
2020,EN,FT,Data Analyst,55260,IN,100,US,M
2022,EN,FT,Data Analyst,42953,US,0,DE,L
2020,SE,CT,Lead Data Scientist,141815,GB,100,US,M
2022,SE,FT,ML Engineer,102303,CA,0,AU,M
2020,SE,FT,Data Scientist,42349,AU,50,DE,S
2022,MI,FT,Data Analyst,59303,CA,100,CA,S
2023,EX,FT,ML Engineer,155669,US,50,GB,M
2023,SE,CT,ML Engineer,111207,US,50,ES,S
2021,EN,FR,Analytics Engineer,18458,CA,100,DE,S
2023,EN,FT,Analytics Engineer,35595,US,100,FR,S
2023,SE,CT,AI Specialist,148046,AU,100,IN,M
2020,EN,CT,Data Analyst,34102,AU,100,US,M
2022,SE,FT,Analytics Manager,181741,ES,50,US,L
2023,EX,FT,Analytics Manager,365055,US,100,US,L
2022,EN,FT,Data Engineer,57899,DE,0,CA,M
2022,EN,PT,Data Engineer,17579,DE,0,CA,S
2022,EX,FT,Principal Data Eng.,313392,US,50,US,M
2020,SE,FT,Data Engineer,108885,US,0,ES,S
2023,EN,CT,Analytics Engineer,41633,US,100,US,M
2021,EX,FT,Principal Data Eng.,195581,US,0,FR,M
2020,EX,FT,Lead Data Scientist,213899,ES,100,GB,M
2020,SE,FT,Data Engineer,79330,IN,0,US,M
2022,SE,FT,Research Scientist,104940,US,0,US,M
2023,MI,FT,ML Engineer,147794,GB,100,DE,L
2023,EN,PT,Data Analyst,32270,US,100,FR,L
2023,SE,FT,Research Scientist,137240,US,100,US,M
2022,MI,FR,ML Engineer,61723,US,50,GB,M
2022,SE,FT,Research Scientist,84070,CA,0,CA,S
2022,SE,CT,Data Scientist,116936,CA,100,US,L
2020,EN,FR,Analytics Engineer,43989,IN,100,CA,M
2023,SE,FR,Research Scientist,92928,IN,0,GB,M
2022,MI,PT,Data Engineer,54729,US,100,IN,M
2022,EX,FT,Lead Data Scientist,280703,FR,100,DE,L
2022,MI,FT,Data Engineer,78029,US,100,US,M
2023,SE,FR,Analytics Manager,163650,US,50,FR,M
2021,SE,FT,AI Specialist,163675,GB,100,US,M
2023,MI,FT,ML Engineer,62768,US,0,AU,M
2023,SE,FT,Research Scientist,126402,US,100,CA,M
2023,SE,FT,Data Scientist,119839,US,50,US,M
2020,SE,FT,AI Specialist,116918,US,0,DE,M
2021,SE,FT,Data Engineer,123959,AU,0,US,M
2022,EX,FT,Analytics Manager,186303,US,100,IN,S
2023,MI,FT,Data Analyst,111721,GB,100,ES,L
2023,SE,FT,Research Scientist,130945,ES,100,DE,M
2022,EN,FT,Data Engineer,43654,CA,100,GB,M
2021,SE,FT,ML Engineer,120965,US,100,CA,M
2021,SE,FT,ML Engineer,115318,AU,100,GB,M
2022,MI,FT,Analytics Engineer,85844,US,50,US,M
2021,EN,FT,Data Analyst,18807,US,100,AU,L
2022,EX,FT,Analytics Manager,180060,GB,0,US,M
2023,MI,PT,ML Engineer,68902,GB,0,US,L
2022,SE,CT,Analytics Manager,130914,FR,50,US,L
2022,EN,FR,ML Engineer,50585,US,0,ES,M
2020,EX,FT,ML Engineer,256115,CA,100,ES,M
2021,EN,FT,Data Analyst,40027,DE,100,US,M
2023,EN,FT,Analytics Engineer,56964,ES,50,US,M
2022,EX,FT,Analytics Manager,308697,US,100,FR,M
2021,EX,FT,Lead Data Scientist,213029,US,50,GB,M
2021,MI,CT,ML Engineer,62297,AU,0,ES,M
2021,MI,FT,Data Scientist,74078,CA,50,AU,S
2023,SE,FT,Research Scientist,187478,US,0,FR,L
2022,EX,FT,Principal Data Eng.,230581,US,50,US,M
2022,MI,FT,Data Engineer,72324,FR,0,DE,L
2022,SE,FT,AI Specialist,148870,CA,0,ES,S
2021,SE,FT,AI Specialist,116479,CA,0,US,M
2022,SE,FT,Data Scientist,134111,IN,100,AU,S
2020,SE,FT,Analytics Manager,123064,US,0,US,M
2023,SE,FT,Analytics Manager,219467,US,50,ES,M
2020,EN,FT,Data Engineer,39428,CA,100,CA,L
2022,EX,FT,ML Engineer,158525,AU,50,US,M
2020,EX,FT,ML Engineer,202919,US,100,GB,M
2023,SE,FT,AI Specialist,106414,DE,0,US,M
2021,EN,FR,Data Analyst,36755,US,100,US,M
2023,MI,FT,Analytics Engineer,101960,US,100,AU,M
2020,SE,FT,ML Engineer,75923,AU,100,US,M
2023,EN,FT,Data Analyst,41900,US,100,ES,S
2023,EX,FT,Lead Data Scientist,236431,US,50,US,S
2021,MI,FT,Data Scientist,61863,FR,50,DE,S
2021,SE,FT,Data Engineer,88029,US,0,ES,L
2022,EX,FT,Analytics Manager,207935,US,100,CA,M
2023,MI,FT,Data Analyst,42761,FR,0,AU,S
2023,MI,FR,Data Analyst,72644,US,50,ES,L
2021,SE,FT,ML Engineer,107473,CA,100,CA,S
2022,SE,FT,Research Scientist,112005,US,0,FR,M
2021,MI,FT,Data Engineer,83089,US,0,US,L
2021,SE,FT,Research Scientist,218544,DE,100,GB,L
2023,EX,FT,AI Specialist,245672,US,50,US,L
2022,MI,FT,Data Scientist,108768,IN,100,IN,M
2021,EN,CT,Data Analyst,48395,AU,100,DE,L
2023,MI,FR,Data Scientist,56726,IN,100,CA,S
2023,MI,FT,Data Scientist,106478,US,50,AU,L
2023,EN,FT,Data Analyst,41296,US,0,US,L
2020,EN,CT,Data Engineer,30698,AU,100,ES,L
2023,SE,FT,AI Specialist,170899,GB,100,US,M
2022,MI,FR,Data Analyst,37156,DE,100,US,S
2022,EX,FT,Analytics Manager,218069,IN,50,CA,M
2020,MI,FT,ML Engineer,46890,US,0,US,M
2023,EN,PT,Data Analyst,22320,US,0,DE,M
2022,SE,FT,Analytics Manager,107555,CA,0,FR,L
2023,EX,FT,AI Specialist,220147,CA,0,IN,M
2023,MI,CT,ML Engineer,73644,US,100,US,M
2023,MI,FT,Research Scientist,75676,CA,0,US,M
2023,EN,FT,AI Specialist,64610,FR,100,US,S
2023,SE,FT,Research Scientist,124596,US,100,GB,S
2021,MI,FR,Data Scientist,55265,US,50,US,S
2021,MI,FR,Data Engineer,69391,DE,100,US,L
2023,EN,FT,Data Analyst,55920,FR,100,IN,L
2022,MI,FT,ML Engineer,93748,ES,0,ES,M
2022,EX,FT,AI Specialist,227159,US,50,IN,M
2023,SE,FT,Analytics Manager,157502,AU,100,US,M
2022,MI,FR,Data Analyst,84237,FR,100,CA,L
2023,EN,CT,Data Analyst,33701,DE,100,US,L
2022,MI,FT,Analytics Engineer,60890,US,100,US,M
2023,MI,PT,Data Scientist,52106,US,50,GB,L
2021,SE,FT,Data Engineer,141967,GB,100,ES,M
2022,EX,FT,AI Specialist,166583,US,100,CA,M
2023,EX,FT,Principal Data Eng.,353098,US,100,US,L
2021,EX,FT,Lead Data Scientist,217534,AU,100,CA,M
2022,EX,FT,Lead Data Scientist,206140,US,100,ES,M
2022,EX,CT,ML Engineer,199977,AU,100,US,M
2022,EN,CT,Data Analyst,27126,GB,50,IN,M
2022,EN,FT,Data Engineer,74022,IN,100,US,M
2021,MI,CT,Data Analyst,45961,US,0,US,M
2023,SE,FT,ML Engineer,149152,CA,100,AU,M
2021,EN,FR,ML Engineer,54134,GB,100,US,S
2022,SE,FT,Data Engineer,135613,AU,100,FR,L
2022,SE,FT,Analytics Manager,178719,US,50,US,M
2020,SE,FT,Data Scientist,75824,US,100,CA,L
2021,EN,FT,Data Analyst,27227,ES,50,CA,S
2023,MI,PT,Analytics Engineer,40920,US,0,IN,M
2023,EN,CT,ML Engineer,56643,CA,0,IN,M
2020,EX,FT,Analytics Manager,257658,US,100,DE,L
2023,SE,FT,AI Specialist,128483,US,0,US,S
2022,SE,FT,ML Engineer,188420,CA,100,US,L
2020,MI,FT,ML Engineer,73913,GB,0,CA,M
2023,MI,FT,Data Scientist,48353,CA,100,GB,M
2022,MI,FT,Data Scientist,104490,GB,100,US,M
2021,SE,FT,AI Specialist,96901,FR,100,ES,S
2023,SE,FT,AI Specialist,163181,ES,100,US,M
2022,MI,FT,Data Scientist,84086,US,100,US,M
2022,EX,FR,ML Engineer,177359,US,100,AU,M
2022,EN,PT,Data Scientist,24393,US,100,CA,M
2023,EX,FR,AI Specialist,98929,FR,0,DE,M
2023,EN,FT,Analytics Manager,39834,US,0,US,S
2023,MI,FT,Data Engineer,83137,DE,100,US,S
2021,SE,FT,Data Engineer,63094,GB,50,CA,S
2023,EN,CT,Data Analyst,26222,CA,100,US,S
2022,MI,FT,Data Scientist,91661,IN,100,DE,M
2022,MI,FR,Data Engineer,45378,GB,50,US,S
2020,MI,FT,ML Engineer,81811,GB,100,US,L
2023,SE,FT,AI Specialist,135693,US,100,US,S
2021,EX,FT,Research Scientist,172712,GB,100,US,S
2022,EX,FT,Analytics Manager,214520,US,100,US,L
2022,MI,FT,ML Engineer,95305,IN,100,FR,M
2020,SE,FT,Analytics Manager,161324,US,100,CA,M
2023,MI,CT,Data Engineer,61632,US,100,US,L
2023,MI,FT,Research Scientist,108370,US,0,CA,L
2022,EN,FR,Data Analyst,37431,GB,100,US,L
2023,EX,FT,Lead Data Scientist,217156,AU,100,GB,S
2022,EX,FT,Lead Data Scientist,250149,US,50,AU,M
2023,SE,FT,ML Engineer,147340,US,0,DE,L
2021,SE,FT,Data Analyst,124771,US,100,CA,L
2022,MI,FR,Data Scientist,71900,ES,50,US,S
2022,SE,FT,ML Engineer,172699,IN,100,US,M
2022,SE,FT,Data Scientist,132379,US,50,FR,M
2022,MI,FT,Analytics Engineer,62207,CA,0,CA,S
2021,EN,FR,Data Engineer,42119,FR,100,CA,M
2023,EN,PT,Data Analyst,15234,FR,50,ES,M
2020,EX,FT,Analytics Manager,139221,GB,0,US,M
2020,MI,FR,AI Specialist,64080,DE,100,FR,S
2022,EX,FT,Lead Data Scientist,238285,CA,100,GB,M
2022,EN,FR,Analytics Engineer,31820,US,0,US,S
2021,SE,FT,Research Scientist,112893,US,100,US,M
2022,MI,FR,Analytics Engineer,81824,US,100,CA,S
2023,MI,FT,Data Engineer,98409,US,100,US,L
2021,EN,PT,Data Analyst,18330,US,50,DE,S
2023,EN,CT,Data Analyst,27256,IN,0,DE,M
2022,EX,FT,ML Engineer,135691,IN,100,GB,S
2023,MI,FT,Data Scientist,72257,US,100,GB,S
2021,SE,FT,Data Scientist,83473,US,0,CA,S
2023,MI,FR,Analytics Engineer,57863,DE,100,GB,S
2023,MI,PT,ML Engineer,56339,GB,0,IN,S
2021,SE,PT,Data Engineer,61964,US,100,US,M
2021,EN,FR,Data Engineer,41281,FR,100,ES,M
2022,EX,FT,AI Specialist,213493,US,100,US,S
2020,SE,FT,Research Scientist,126488,US,100,US,M
2023,SE,FT,Analytics Engineer,107272,FR,0,DE,M
2022,MI,FT,Data Analyst,46882,CA,100,US,M
2022,EN,PT,Data Engineer,17964,US,0,US,M
2023,EX,FT,Analytics Manager,208991,DE,100,US,S
2023,MI,PT,Data Analyst,39465,AU,100,DE,M
2023,EN,PT,Data Analyst,17158,US,0,CA,M
2022,MI,FT,Data Scientist,82413,CA,0,US,L
2022,SE,FR,Data Engineer,104645,US,0,GB,L
2022,SE,FR,Research Scientist,110727,GB,0,US,L
2022,SE,CT,Research Scientist,94774,GB,0,ES,M
2022,SE,FT,Research Scientist,121465,US,100,US,S
2021,MI,PT,ML Engineer,40041,US,100,CA,M
2022,EX,FT,AI Specialist,194089,FR,100,GB,M
2022,MI,FT,Research Scientist,88948,US,100,CA,S
2022,SE,FT,ML Engineer,112383,AU,100,ES,S
2021,EN,CT,Analytics Engineer,31331,US,50,US,M
2022,EX,FT,Lead Data Scientist,201156,IN,100,FR,M
2022,MI,FT,Data Scientist,53530,GB,100,GB,S
2023,EN,CT,Data Analyst,40416,US,100,DE,L
2023,MI,CT,Analytics Manager,134295,DE,100,US,M
2021,EN,FR,ML Engineer,60134,FR,100,US,L
2020,EN,PT,Data Analyst,16254,GB,100,US,M
2022,SE,FT,Research Scientist,170611,GB,100,US,M
2021,MI,FT,ML Engineer,55944,CA,50,ES,S
2022,EX,FT,Principal Data Eng.,256899,CA,100,FR,M
2023,MI,FT,Data Scientist,57581,GB,0,US,S
2021,SE,FT,Data Analyst,97697,FR,0,GB,S
2022,MI,FT,Data Scientist,62823,US,100,DE,M
2023,SE,FT,Data Engineer,116793,GB,0,US,M
2022,SE,FT,AI Specialist,114036,CA,100,GB,S
2020,MI,FT,Data Scientist,81503,ES,0,DE,L
2021,EX,FT,Analytics Manager,182072,US,100,US,S
2023,MI,CT,Analytics Engineer,75865,US,0,GB,M
2021,EN,CT,Analytics Engineer,41411,US,100,US,M
2022,SE,FR,Research Scientist,97936,DE,50,US,M
2023,SE,FT,ML Engineer,193511,GB,0,DE,M
2022,EN,FT,Data Analyst,34169,US,0,DE,S
2023,MI,FT,Analytics Engineer,82797,US,100,ES,L
2021,EX,FR,Principal Data Eng.,202235,AU,100,US,M
2022,SE,FR,ML Engineer,113105,GB,100,DE,S
2022,EX,FT,Lead Data Scientist,245813,CA,50,ES,M
2023,SE,FT,Research Scientist,189681,US,50,CA,L
2021,SE,FT,Analytics Manager,170117,US,0,ES,L
2021,MI,FR,Data Scientist,94953,US,100,ES,L
2023,EX,FT,ML Engineer,174919,US,100,FR,M
2021,MI,CT,Analytics Engineer,69064,GB,0,ES,M
2023,SE,FT,Data Analyst,146328,US,100,CA,M
2023,MI,FT,ML Engineer,139328,US,100,GB,L
2022,SE,FT,Research Scientist,131582,US,0,AU,M
2023,SE,FT,AI Specialist,135452,US,0,IN,M
2023,SE,FT,AI Specialist,133478,US,0,US,M
2021,EX,FT,Lead Data Scientist,183191,US,0,US,M
2023,MI,FT,Analytics Manager,46574,US,0,US,S
2023,SE,FT,Research Scientist,213226,DE,100,IN,M
2023,MI,FT,Data Engineer,89753,AU,0,US,M
2022,MI,FT,Analytics Engineer,56261,CA,100,US,L
2022,MI,FT,Data Scientist,95448,US,100,GB,M
2022,EN,FT,Data Engineer,56100,ES,100,US,L
2020,EN,CT,Analytics Engineer,32791,ES,100,ES,M
2022,SE,FT,ML Engineer,156453,GB,0,GB,L
2022,SE,FT,AI Specialist,66629,US,0,US,S
2023,SE,PT,ML Engineer,89072,DE,0,US,L
2022,EN,FT,Data Analyst,44571,ES,100,FR,M
2022,MI,PT,ML Engineer,52785,FR,100,CA,M
2022,EN,CT,Analytics Engineer,26605,CA,50,GB,M
2022,SE,FT,Data Scientist,136057,CA,50,US,M
2023,EX,FT,AI Specialist,270460,ES,100,AU,M
2023,MI,FT,Data Scientist,101388,US,0,FR,L
2020,SE,FT,ML Engineer,138664,US,100,DE,L
2020,EN,FR,Data Analyst,42457,IN,0,GB,M
2023,MI,FT,Data Scientist,68030,US,50,ES,M
2022,EN,FR,Data Engineer,46457,US,50,DE,M
2023,MI,FT,Data Analyst,72481,US,0,GB,L
2021,SE,CT,Research Scientist,185624,US,50,ES,L
2020,EX,FT,Analytics Manager,215157,US,100,AU,M
2022,MI,FT,Data Engineer,86371,CA,0,DE,L
2023,SE,FT,ML Engineer,162338,US,100,FR,M
2023,SE,FT,ML Engineer,125645,GB,50,GB,L
2023,EX,FT,Analytics Manager,192735,US,0,GB,L
2022,SE,FT,AI Specialist,141992,ES,0,US,L
2023,MI,FT,Data Scientist,75475,CA,0,CA,S
2020,SE,FT,Principal Data Eng.,146633,ES,0,US,M
2022,MI,FT,Data Engineer,62575,US,50,US,S
2023,EX,FT,Lead Data Scientist,361640,US,100,ES,L
2022,MI,FT,Data Scientist,51308,FR,100,US,M
2023,SE,FT,AI Specialist,123455,IN,100,IN,M
2021,EN,PT,Data Scientist,14327,US,50,US,L
2021,MI,CT,Data Scientist,68085,CA,100,US,S
2022,EX,FT,Analytics Manager,205931,DE,100,US,M
2023,SE,CT,Lead Data Scientist,152267,US,0,GB,M
2022,MI,FT,Research Scientist,79050,GB,0,GB,M
2023,EX,FT,Principal Data Eng.,264319,US,100,US,S
2021,EX,FT,Research Scientist,155911,US,100,DE,S
2023,MI,FT,Data Analyst,70342,IN,50,GB,M
2022,SE,FT,ML Engineer,125280,GB,0,US,M
2021,MI,FT,ML Engineer,88080,FR,100,US,M
2023,SE,FT,Data Engineer,122185,DE,0,US,S
2023,MI,FT,Data Engineer,53851,ES,100,US,M
2022,MI,FT,Data Scientist,79282,GB,100,US,M
2021,EX,FT,Research Scientist,188405,GB,100,DE,M
2021,EX,FT,Lead Data Scientist,262147,US,100,DE,L
2023,SE,FT,Data Scientist,103353,CA,0,IN,M
2023,EX,FT,Lead Data Scientist,224288,GB,100,FR,M
2023,SE,FT,ML Engineer,234567,DE,100,GB,L
2023,SE,FT,Research Scientist,151783,US,100,US,M
2023,SE,CT,Research Scientist,160695,US,0,US,M
2021,MI,FR,Data Engineer,52633,IN,0,CA,S
2022,MI,FT,Data Engineer,55454,IN,50,US,S
2023,MI,FT,ML Engineer,89960,US,50,US,S
2021,SE,FT,Research Scientist,167401,DE,100,ES,L
2021,MI,FT,Data Analyst,92830,GB,100,US,L
2022,MI,FT,Data Scientist,52378,FR,100,US,S
2023,SE,FT,Data Scientist,73710,US,100,ES,S
2023,MI,FT,Data Scientist,82998,GB,0,US,M
2020,MI,CT,Data Scientist,67665,US,50,US,M
2023,SE,FT,ML Engineer,152949,US,50,US,M
2021,EX,FT,Data Scientist,159696,FR,0,US,M
2021,EN,PT,Data Analyst,26224,US,0,ES,L
2023,EN,FT,Data Analyst,29815,US,50,DE,M
2023,MI,PT,Data Engineer,42558,US,0,GB,M
2023,SE,FT,Research Scientist,189508,US,100,US,M
2023,SE,FT,Research Scientist,135148,DE,0,US,M
2023,EN,PT,Data Analyst,19136,US,0,CA,L
2022,SE,FT,Data Engineer,76218,FR,0,US,S
2022,EN,FT,Data Engineer,61101,IN,100,US,L
2023,MI,PT,Data Scientist,83775,US,100,DE,L
2023,EX,FT,Lead Data Scientist,157431,FR,50,IN,L
2022,EN,FT,Data Analyst,36282,US,0,AU,M
2022,EN,CT,Data Analyst,29331,US,100,IN,M
2022,MI,FT,Data Engineer,100723,US,100,GB,L
2022,SE,FR,Research Scientist,167367,US,100,FR,L
2023,EX,FT,Analytics Manager,216895,US,100,AU,M
2020,EX,FT,ML Engineer,228832,US,100,US,L
2022,EN,FR,Data Analyst,45456,IN,100,US,M
2023,EN,CT,Data Engineer,39165,GB,50,US,M
2022,SE,FT,ML Engineer,125125,ES,100,ES,L
2022,MI,FT,Data Scientist,88509,GB,0,AU,M
2022,EX,FT,AI Specialist,241847,CA,100,FR,M
2020,SE,FT,ML Engineer,159279,US,50,US,L
2021,EN,FT,Data Analyst,32137,GB,0,ES,L
2021,SE,FT,Principal Data Eng.,242789,US,100,US,L
2021,EN,PT,Data Analyst,32018,AU,100,US,M
2021,MI,FT,Analytics Engineer,65032,AU,0,CA,L
2022,SE,FT,Analytics Manager,128829,US,100,FR,S
2020,SE,FR,Data Engineer,61345,CA,0,AU,M
2023,SE,FT,Data Scientist,114268,CA,50,US,M
2021,SE,FT,Data Scientist,114581,CA,100,US,L
2022,EX,FT,Lead Data Scientist,238612,US,0,GB,L
2023,EX,FT,AI Specialist,217362,CA,50,US,L
2021,SE,FT,Analytics Manager,159350,FR,100,IN,M
2022,EN,CT,Data Engineer,28392,US,0,US,M
2023,SE,CT,Research Scientist,115431,GB,50,US,M
2022,EX,FT,Research Scientist,135066,US,0,US,M
2021,MI,FR,ML Engineer,66070,AU,100,DE,S
2023,MI,FT,ML Engineer,55226,US,0,IN,M
2023,MI,FR,ML Engineer,90927,US,0,US,L
2022,EN,FT,Data Analyst,44788,US,100,US,L
2020,SE,FT,AI Specialist,130574,IN,0,ES,L
2020,MI,FT,Data Scientist,44220,DE,50,GB,M
2023,SE,FT,Lead Data Scientist,203475,US,100,US,M
2022,SE,FT,Data Scientist,102598,US,100,US,S
2021,SE,FT,AI Specialist,121834,FR,0,ES,M
2022,MI,FT,Data Scientist,54267,US,100,DE,M
2023,MI,CT,ML Engineer,63420,US,100,US,M
2020,SE,FT,AI Specialist,93921,ES,50,US,S
2020,SE,PT,Analytics Manager,102093,US,100,US,M
2022,MI,FT,Data Engineer,91853,GB,100,US,M
2023,EX,FT,Research Scientist,218316,US,100,US,M
2022,EN,FT,Data Analyst,32464,DE,100,US,M
2023,EX,FT,Lead Data Scientist,193433,FR,100,US,M
2020,EN,FR,Data Analyst,33256,US,100,US,M
2022,EN,FT,Analytics Engineer,54168,CA,100,GB,M
2022,SE,FT,Principal Data Eng.,190027,AU,100,GB,M
2022,EN,FR,Data Scientist,53904,IN,100,IN,S
2022,EN,PT,Data Engineer,28247,US,100,US,L
2023,EN,FR,Data Engineer,40100,GB,100,AU,S
2022,MI,FR,Analytics Engineer,35809,AU,0,AU,M
2023,SE,FT,Research Scientist,121086,US,0,ES,S
2021,EN,PT,Analytics Engineer,31171,US,100,US,M
2022,SE,FT,AI Specialist,108641,US,50,US,M
2022,SE,CT,Data Scientist,156053,IN,100,CA,L
2022,EN,FT,Data Analyst,56964,US,100,US,M
2021,EN,FR,Data Engineer,34261,US,100,US,M
2023,EX,FT,Analytics Manager,240952,CA,50,US,M
2023,SE,FT,Analytics Manager,177363,US,100,CA,S
2023,SE,FT,ML Engineer,136105,US,0,FR,M
2023,SE,FT,Analytics Manager,183374,GB,100,US,M
2021,EN,CT,Analytics Engineer,19333,US,0,AU,M
2022,MI,FT,ML Engineer,119607,ES,100,FR,L
2022,SE,FT,AI Specialist,202130,US,100,US,L
2023,MI,FT,Data Engineer,74066,IN,100,US,L
2021,SE,PT,ML Engineer,65086,GB,100,US,M
2021,SE,FR,Analytics Manager,166777,US,50,AU,L
2023,SE,FR,Data Scientist,93357,US,0,FR,M
2021,MI,FT,Data Scientist,79117,GB,0,DE,M
2023,MI,FR,Analytics Engineer,84564,US,100,DE,L
2022,MI,FR,ML Engineer,80572,US,100,US,M
2023,MI,FT,Analytics Engineer,84530,ES,50,AU,L
2023,SE,FT,Research Scientist,159974,GB,0,AU,L
2022,EN,FT,Analytics Engineer,44226,AU,50,DE,S
2021,EN,FT,Data Analyst,42765,US,100,GB,M
2020,EN,FR,Analytics Engineer,30393,US,50,US,M
2020,EN,FT,Data Scientist,59818,CA,0,US,L
2021,SE,FR,AI Specialist,156374,US,50,US,L
2022,MI,CT,Analytics Manager,67133,US,0,CA,S
2022,EX,FT,Lead Data Scientist,191017,US,50,FR,S
2021,EN,FR,Data Engineer,32070,US,0,ES,S
2021,SE,FT,Research Scientist,81809,FR,100,US,M
2023,MI,FT,Research Scientist,89388,US,100,US,S
2021,MI,CT,Data Scientist,94303,ES,0,US,L
2022,EX,PT,AI Specialist,122901,US,100,ES,M
2022,EX,CT,Lead Data Scientist,216973,US,50,FR,L
2020,EX,PT,Principal Data Eng.,109639,US,100,GB,M
2023,EN,FT,Analytics Engineer,53556,GB,100,CA,M
2021,MI,FT,Analytics Engineer,51110,IN,0,CA,S
2023,SE,CT,Research Scientist,187890,IN,100,US,L
2022,MI,PT,ML Engineer,38674,US,100,US,S
2023,SE,FT,ML Engineer,117938,US,100,US,S
2023,SE,FT,AI Specialist,107679,IN,50,US,S
2023,SE,FT,Research Scientist,238979,US,50,GB,L
2022,SE,CT,ML Engineer,87547,GB,0,US,S
2022,SE,FT,Research Scientist,136270,US,100,DE,M
2023,EN,PT,Analytics Engineer,18597,US,100,CA,L
2022,EN,FT,Data Engineer,41001,GB,50,GB,L
2022,SE,FT,Data Analyst,90603,US,100,ES,S
2021,MI,FT,ML Engineer,67777,AU,0,US,S
2021,MI,PT,Data Engineer,32232,GB,0,CA,M
2022,MI,FT,AI Specialist,72375,AU,100,US,S
2020,SE,FT,AI Specialist,189538,DE,100,DE,M
2022,SE,FT,Data Scientist,204371,US,100,GB,M
2020,SE,FT,Lead Data Scientist,175571,GB,100,US,M
2022,MI,FT,Data Scientist,98045,US,100,US,S
2023,MI,FR,Data Scientist,101483,IN,100,DE,M
2022,SE,FT,Analytics Manager,160802,US,0,DE,S
2023,MI,FT,Research Scientist,99098,AU,100,DE,M
2020,SE,FT,AI Specialist,89150,CA,100,GB,S
2020,SE,FT,Lead Data Scientist,195512,CA,0,CA,L
2023,EN,CT,Data Analyst,27097,GB,0,CA,M
2023,EN,FR,Data Analyst,23003,GB,0,US,S
2023,MI,FT,Data Analyst,42422,DE,0,GB,S
2023,EX,CT,AI Specialist,177403,CA,100,GB,M
2023,SE,FR,Research Scientist,56571,US,0,IN,S
2023,EN,FR,Data Analyst,22069,CA,100,GB,S
2023,EX,FT,Analytics Manager,197449,US,0,GB,L
2023,MI,FR,Data Analyst,43027,CA,0,ES,M
2020,MI,FT,Data Engineer,58992,GB,0,AU,S
2020,EX,FR,Lead Data Scientist,161147,US,0,US,M
2022,EN,FT,Data Analyst,44003,DE,100,AU,M
2022,MI,FT,Data Scientist,92521,GB,0,US,L
2023,SE,FT,AI Specialist,104444,GB,0,IN,S
2022,EN,FT,Analytics Engineer,51958,DE,0,US,L
2022,SE,FT,Analytics Manager,182927,CA,50,GB,L
2023,MI,FT,AI Specialist,86952,FR,100,ES,S
2021,EN,FR,Data Analyst,19064,US,100,US,S
2023,MI,FT,Data Scientist,94930,US,50,IN,M
2021,MI,FR,Analytics Engineer,51569,DE,100,GB,L
2022,EN,FT,Analytics Engineer,47745,US,50,US,M
2022,EN,PT,Analytics Engineer,27510,US,100,ES,M
2022,EX,FT,Lead Data Scientist,197137,US,100,GB,L
2020,MI,FT,ML Engineer,88689,US,0,AU,L
2021,MI,FR,Data Scientist,75787,ES,100,IN,M
2022,EN,FR,Data Engineer,46639,US,100,US,M
2022,MI,FT,Data Scientist,100737,US,50,US,L
2023,MI,CT,Analytics Engineer,57772,AU,100,US,M
2020,SE,FR,Analytics Engineer,108127,ES,100,GB,L
2022,MI,CT,Data Scientist,42958,US,0,US,S
2020,EX,FT,Lead Data Scientist,132575,AU,100,US,S
2023,EX,FT,ML Engineer,266037,US,100,IN,L
2023,EN,FT,Analytics Engineer,56822,FR,100,US,M
2023,EN,FT,Data Analyst,42432,US,100,DE,S
2023,EN,FT,Analytics Engineer,38985,US,100,GB,S
2022,SE,FT,ML Engineer,86507,US,100,US,M
2023,EN,FT,Data Analyst,70513,DE,100,US,L
2022,EX,FT,Data Engineer,70258,US,0,US,S
2023,SE,FT,ML Engineer,124111,GB,50,CA,S
2022,SE,FT,Research Scientist,211995,DE,100,US,M
2022,SE,FR,Analytics Manager,167324,US,100,IN,L
2023,EX,FT,Research Scientist,194901,AU,0,FR,M
2023,EN,FT,Analytics Engineer,63092,US,100,US,L
2023,MI,FT,Data Scientist,103379,US,100,AU,L
2020,MI,FT,Data Scientist,112502,US,100,ES,M
2021,EX,FT,AI Specialist,173594,US,0,US,L
2022,SE,FT,Data Engineer,94654,US,100,ES,M
2022,SE,FT,Analytics Manager,127983,GB,0,US,M
2022,EN,FT,ML Engineer,69601,CA,50,DE,M
2022,EX,FT,AI Specialist,212946,GB,100,US,L
2023,MI,FT,Data Scientist,106520,GB,100,IN,L
2021,MI,FT,Data Analyst,85490,FR,50,IN,L
2023,EX,FT,Data Scientist,254955,US,100,ES,L
2023,MI,CT,Data Analyst,77371,CA,100,ES,M
2022,MI,CT,ML Engineer,103048,AU,0,US,L
2022,SE,CT,Data Scientist,107919,US,0,CA,L
2021,EN,FR,Data Analyst,27179,CA,100,US,S
2021,MI,FT,Data Analyst,53826,ES,100,US,S
2023,EN,CT,Data Analyst,33603,GB,50,US,M
2022,EN,FT,Analytics Engineer,78518,ES,100,AU,L
2020,EX,CT,Analytics Manager,155121,US,100,DE,M
2023,SE,FT,Research Scientist,206256,CA,100,US,L
2023,MI,FT,Data Engineer,45843,US,100,ES,S
2023,MI,FT,Data Engineer,73624,US,0,FR,M
2022,MI,FT,ML Engineer,75312,ES,0,US,M
2023,SE,FT,Data Scientist,107963,US,0,GB,S
2021,EX,FT,Research Scientist,247462,ES,100,DE,L
2021,EX,FT,Principal Data Eng.,253367,CA,100,DE,S
2023,MI,FT,Data Scientist,128716,AU,100,GB,L
2023,MI,PT,Data Scientist,34764,ES,0,GB,S
2022,MI,PT,Data Engineer,43919,CA,100,US,L
2021,SE,FT,Data Engineer,80939,ES,0,GB,M
2022,MI,FR,Data Analyst,48473,FR,50,US,S
2023,SE,FT,Analytics Manager,131576,GB,0,US,S
2023,SE,FT,Research Scientist,142654,CA,100,US,S
2022,MI,FT,Data Analyst,54435,US,0,CA,M
2020,MI,CT,Analytics Engineer,84653,US,100,GB,L
2023,MI,FT,Data Engineer,56115,US,100,GB,M
2023,EN,FT,Data Analyst,37043,GB,100,US,M
2022,EN,FT,Analytics Engineer,32045,US,0,ES,M
2022,SE,FT,ML Engineer,140677,GB,100,US,M
2023,MI,CT,Research Scientist,111792,CA,100,US,M
2021,MI,FT,Data Scientist,70549,CA,50,US,M
2022,SE,FR,Analytics Manager,162538,AU,100,DE,L
2022,SE,CT,Analytics Manager,181382,ES,100,GB,L
2022,MI,FT,Research Scientist,79488,AU,50,US,M
2023,SE,FT,Principal Data Eng.,169270,CA,100,IN,S
2022,EX,FT,AI Specialist,178681,US,50,FR,S
2022,SE,FR,Data Scientist,76476,ES,0,GB,M
2021,SE,FT,Data Scientist,108098,US,100,GB,M
2023,EN,FT,Analytics Engineer,53234,US,0,ES,L
2021,EX,FT,Lead Data Scientist,244655,US,50,ES,M
2020,MI,FT,Data Analyst,69412,CA,50,DE,M
2022,EX,FT,Lead Data Scientist,310961,DE,0,FR,L
2022,SE,FT,AI Specialist,153048,US,50,AU,M
2023,EN,FT,Analytics Engineer,50304,FR,100,ES,L
2023,EN,CT,Analytics Engineer,28803,US,0,US,S
2023,SE,FT,Data Scientist,112822,US,0,ES,M
2022,SE,FT,Research Scientist,153535,US,100,DE,L
2022,EN,FT,Data Analyst,51943,US,100,CA,L
2023,SE,FT,Research Scientist,188802,FR,50,US,L
2022,EX,FT,AI Specialist,146797,US,50,US,M
2023,MI,FT,Data Engineer,99346,US,0,FR,L
2022,MI,CT,Data Engineer,33528,US,0,CA,M
2021,EN,FT,Analytics Engineer,36481,FR,50,US,M
2022,SE,FR,ML Engineer,129623,ES,100,CA,S
2021,MI,FT,AI Specialist,92468,CA,100,US,S
2020,EX,FT,Data Engineer,126944,CA,50,GB,M
2021,MI,FT,Research Scientist,105447,AU,100,CA,S
2021,SE,FT,Data Analyst,92382,US,50,CA,L
2022,MI,FT,Analytics Engineer,41688,US,0,US,L
2023,EN,CT,Analytics Manager,72556,GB,50,US,L
2022,SE,FT,AI Specialist,69892,US,0,US,S
2023,MI,CT,Data Scientist,74823,GB,100,CA,L
2022,SE,FT,AI Specialist,140571,GB,50,AU,S
2020,EX,FT,AI Specialist,172835,US,100,FR,M
2021,EX,FT,Lead Data Scientist,255568,GB,50,FR,L
2023,EX,FT,Research Scientist,143846,US,100,US,S
2022,EN,CT,Data Engineer,41832,US,100,US,S
2023,SE,FT,Lead Data Scientist,90360,IN,50,AU,S
2022,EX,FT,Principal Data Eng.,269121,DE,0,GB,M
2023,MI,FT,ML Engineer,102638,US,100,US,L
2023,EN,PT,Data Engineer,32181,US,100,GB,S
2023,SE,FT,Research Scientist,93973,US,0,DE,S
2020,MI,PT,Data Engineer,54891,US,100,US,M
2023,SE,FT,Analytics Manager,113396,US,0,US,M
2022,EX,FT,Analytics Manager,142024,US,0,CA,L
2023,SE,FT,ML Engineer,176273,IN,100,US,L
2022,MI,FT,ML Engineer,132592,IN,50,GB,L
2022,MI,FT,Data Analyst,86991,FR,50,IN,L
2022,MI,FT,ML Engineer,101314,CA,0,ES,M
2023,EN,FT,Data Engineer,58005,DE,0,US,L
2022,SE,CT,Data Scientist,65839,DE,0,US,S
2022,SE,FT,Analytics Engineer,89134,AU,0,GB,S
2022,MI,CT,Data Scientist,72726,DE,100,US,M
2023,MI,FT,Analytics Engineer,57681,DE,100,AU,S
2022,EX,FT,Principal Data Eng.,268071,FR,50,DE,L
2023,EN,FR,Data Analyst,37807,GB,50,US,M
2022,SE,FT,Data Scientist,188722,US,100,FR,L
2023,MI,CT,Data Analyst,47579,US,0,US,M
2023,SE,FT,AI Specialist,120775,US,0,GB,M
2023,EN,FT,Analytics Engineer,49264,US,100,AU,L
2023,SE,FT,Analytics Manager,221207,US,50,US,M
2022,MI,FT,AI Specialist,82481,US,100,US,M
2021,SE,FT,Research Scientist,181810,US,100,AU,M
2023,EN,FT,Data Analyst,40805,ES,100,GB,L
2020,MI,FT,Data Analyst,65948,US,0,US,L
2021,SE,FT,Analytics Manager,115502,US,0,US,S
2023,MI,FT,Data Engineer,86766,US,0,US,M
2022,EN,PT,Data Scientist,38117,US,100,GB,M
2022,EN,FT,Data Scientist,43865,DE,100,US,S
2023,MI,FT,Data Scientist,82365,CA,100,US,M
2021,EN,PT,Analytics Engineer,27871,US,0,US,M
2020,EX,FT,Principal Data Eng.,167339,GB,100,CA,S
2021,MI,FT,ML Engineer,48974,US,100,AU,M
2021,SE,FT,AI Specialist,78300,DE,100,CA,S
2023,EX,FT,AI Specialist,158160,AU,100,CA,M
2023,EN,FT,Analytics Engineer,40158,AU,0,IN,S
2022,SE,FT,ML Engineer,203188,US,0,US,L
2021,EX,FT,Principal Data Eng.,112066,FR,100,US,S
2022,SE,FT,Research Scientist,134792,FR,50,US,L
2020,MI,FT,ML Engineer,67290,IN,50,US,S
2023,MI,FT,Data Analyst,84121,US,50,ES,M
2022,EN,FR,Data Scientist,36836,GB,50,US,M
2020,SE,FT,ML Engineer,134341,US,100,IN,M
2023,EX,FT,Lead Data Scientist,202911,US,0,US,M
2023,EX,FT,Data Scientist,282291,CA,0,GB,L
2022,EN,PT,Data Scientist,37586,GB,100,US,L
2022,SE,FT,Research Scientist,150953,US,100,US,M
2022,MI,FT,Data Engineer,55266,IN,0,US,S
2021,EX,CT,AI Specialist,155167,GB,0,CA,L
2021,EN,FT,Data Analyst,39992,ES,0,GB,M
2023,EX,FT,AI Specialist,119540,FR,0,IN,S
2023,SE,FT,Data Engineer,75179,IN,0,AU,L
2022,EN,FT,Analytics Engineer,39829,FR,0,GB,M
2022,EN,PT,Analytics Engineer,31882,US,100,ES,M
2023,SE,FT,ML Engineer,126475,US,100,US,M
2022,EN,PT,Data Engineer,28168,AU,100,US,M
2020,SE,FT,ML Engineer,75100,US,50,US,S
2022,EX,FT,ML Engineer,240719,US,0,CA,L
2023,SE,FT,Analytics Manager,168522,CA,100,GB,S
2023,MI,CT,Data Engineer,78313,US,100,CA,L
2023,MI,FT,Data Scientist,107762,US,100,AU,L
2021,EN,FT,ML Engineer,40192,GB,0,US,L
2022,EX,FT,Lead Data Scientist,129368,US,50,IN,S
2022,MI,FT,Data Scientist,86885,DE,100,GB,M
2021,EN,CT,Analytics Engineer,40262,US,100,GB,M
2021,MI,FT,ML Engineer,85814,GB,0,US,M
2023,EX,FT,Lead Data Scientist,262424,US,100,US,L
2023,EN,FT,Data Analyst,52865,CA,100,US,M
2023,EX,FT,Analytics Manager,363558,US,100,FR,L
2022,SE,FT,Analytics Manager,107545,US,0,GB,S
2022,SE,FT,AI Specialist,164775,FR,100,US,M
2020,EX,FT,ML Engineer,133017,US,100,FR,S
2021,SE,FT,ML Engineer,124725,DE,0,DE,L
2022,EX,FT,Analytics Manager,193135,US,100,ES,S
2022,EN,FR,Data Analyst,50113,US,100,GB,M
2023,SE,FT,AI Specialist,215781,US,100,CA,L
2022,SE,FT,ML Engineer,136825,AU,0,GB,M
2021,SE,CT,ML Engineer,82231,US,100,DE,S
2020,EX,FR,AI Specialist,104777,US,50,GB,S
2023,EX,FT,Principal Data Eng.,230009,GB,0,US,M
2021,SE,FT,Analytics Manager,155570,US,0,ES,M
2021,MI,FT,ML Engineer,88505,FR,0,DE,S
2022,MI,FR,Research Scientist,35169,ES,0,CA,M
2022,MI,FT,AI Specialist,147890,GB,50,GB,M
2022,MI,FT,Data Scientist,88748,GB,100,DE,M
2022,MI,FT,Data Analyst,68652,US,0,US,M
2021,EN,FT,Data Engineer,23355,ES,100,US,S
2023,EN,FT,Analytics Engineer,31229,GB,0,US,S
2022,SE,FT,ML Engineer,166294,US,100,US,M
2022,MI,FT,AI Specialist,62212,ES,100,US,S
2020,EX,FT,AI Specialist,81070,ES,100,FR,M
2022,SE,FT,Analytics Manager,193865,GB,100,US,L
2022,EN,FT,Analytics Engineer,54175,US,100,IN,L
2022,EN,FT,Data Analyst,45788,DE,0,AU,M
2022,MI,FT,ML Engineer,73204,IN,0,US,M
2023,EX,FT,Lead Data Scientist,221716,GB,50,DE,M
2021,MI,CT,Data Scientist,77503,US,0,GB,L
2023,SE,CT,Research Scientist,158297,US,50,AU,M
2023,EX,CT,Research Scientist,129732,US,0,GB,M
2022,EX,FT,Research Scientist,235528,US,100,US,M
2022,MI,PT,Data Analyst,29301,FR,100,US,S
2022,EN,FT,Data Analyst,43883,US,100,AU,M
2023,EN,FT,Data Analyst,55389,US,100,US,L
2022,EN,FT,Analytics Engineer,55373,IN,0,IN,L
2022,EN,CT,Data Analyst,27862,US,0,US,S
2020,SE,FT,Research Scientist,98889,US,100,CA,M
2023,EX,FT,AI Specialist,146712,ES,100,GB,M
2021,SE,FT,Data Scientist,109928,US,50,US,M
2020,SE,CT,Lead Data Scientist,136491,AU,50,US,M
2022,MI,FT,Analytics Manager,88186,US,50,US,S
2022,SE,FT,AI Specialist,154061,US,0,FR,L
2023,SE,FT,Analytics Engineer,115702,CA,0,DE,L
2023,EX,PT,Lead Data Scientist,146627,US,50,US,M
2021,EX,FT,Research Scientist,157479,GB,100,GB,M
2022,MI,FR,Data Scientist,89395,US,100,US,M
2023,EN,FT,Data Scientist,64722,CA,100,DE,M
2022,MI,PT,Data Engineer,34791,US,100,FR,S
2021,MI,CT,Research Scientist,79459,FR,100,AU,M
2022,EX,FR,Lead Data Scientist,101647,CA,0,AU,S
2022,MI,FT,Data Engineer,89525,GB,100,US,L
2023,SE,FT,Data Engineer,112562,US,50,US,M
2023,SE,FT,AI Specialist,204285,GB,100,AU,M
2020,EN,FT,Analytics Engineer,34594,CA,0,US,M
2023,MI,FT,Data Analyst,92575,US,100,US,L
2021,SE,CT,Data Engineer,74337,DE,100,US,S
2023,SE,FT,Lead Data Scientist,64805,US,0,FR,S
2022,MI,FT,Data Engineer,55607,US,0,DE,S
2021,MI,PT,AI Specialist,49856,DE,0,ES,M
2022,SE,CT,AI Specialist,157546,US,100,US,L
2021,EN,FT,Data Analyst,38310,US,100,US,M
2021,EX,CT,AI Specialist,152314,CA,0,US,L
2022,EN,FR,Data Engineer,38376,DE,100,FR,M
2023,EN,CT,Analytics Engineer,29662,US,50,US,M
2023,MI,FR,Data Analyst,31140,US,50,ES,S
2022,SE,FT,Data Scientist,111967,GB,50,GB,M
2020,SE,FT,Analytics Manager,121099,CA,100,FR,M
2022,MI,FT,Data Scientist,93276,GB,50,IN,M
2022,EX,FT,Analytics Manager,109677,CA,0,GB,M
2021,MI,FT,Data Engineer,85817,FR,50,FR,L
2023,MI,FT,Data Scientist,147876,ES,100,US,L
2023,MI,FT,ML Engineer,96123,US,100,IN,M
2020,EN,CT,Data Analyst,33257,US,100,IN,M
2023,SE,FT,Principal Data Eng.,243605,US,100,CA,L
2023,MI,FT,ML Engineer,114353,US,100,US,M
2022,SE,FT,ML Engineer,123369,US,0,ES,L
2022,EN,FR,Data Scientist,38211,IN,100,ES,M
2021,EX,FT,Lead Data Scientist,239160,US,0,CA,L
2020,MI,FT,Data Scientist,31175,US,0,ES,S
2023,EX,FT,ML Engineer,205583,GB,0,GB,M
2022,MI,FT,Research Scientist,73590,ES,0,US,M
2021,EN,FT,Analytics Engineer,44363,US,100,GB,M
2022,SE,PT,AI Specialist,85975,FR,100,US,L
2023,SE,FT,ML Engineer,223816,IN,100,GB,L
2022,SE,FT,ML Engineer,103641,US,0,DE,S
2023,MI,FT,AI Specialist,94950,CA,100,US,M
2023,SE,FT,Research Scientist,149486,GB,100,US,M
2022,EX,FT,Data Scientist,163768,US,50,DE,M
2023,SE,FT,Analytics Manager,243949,GB,100,FR,M
2023,MI,FT,Analytics Engineer,68489,US,100,ES,L
2023,SE,FT,Analytics Manager,212178,DE,0,US,L
2022,SE,FT,Analytics Manager,147213,IN,100,IN,S
2020,EX,FT,ML Engineer,218684,US,100,US,M
2021,MI,PT,Data Scientist,47268,CA,0,US,M
2022,MI,FT,Analytics Manager,97051,US,50,DE,M
2023,SE,FT,Lead Data Scientist,171823,US,100,GB,S
2023,SE,FT,Research Scientist,153521,DE,100,FR,M
2022,SE,FT,AI Specialist,165824,US,100,US,M
2021,MI,FT,Data Scientist,90789,FR,100,US,S
2020,MI,FT,Analytics Engineer,82456,US,100,GB,L
2023,SE,FT,Research Scientist,140839,IN,100,US,M
2022,EN,CT,Data Analyst,31261,US,100,US,M
2023,EN,FT,Data Analyst,50006,US,100,US,M
2021,SE,FT,ML Engineer,108787,FR,0,US,L
2022,SE,FT,Analytics Manager,125907,GB,100,FR,S
2023,EX,FT,Research Scientist,155174,US,100,US,S
2021,MI,CT,Data Engineer,66564,IN,100,CA,M
2020,EN,FT,Data Analyst,29882,US,100,CA,M
2023,EX,FT,Research Scientist,166506,US,100,GB,M
2022,EN,FR,Research Scientist,44859,US,50,GB,L
2023,EN,CT,Analytics Engineer,29916,CA,0,DE,M
2023,MI,FR,Analytics Engineer,43887,CA,0,IN,S
2023,SE,FT,Lead Data Scientist,178016,IN,50,US,M
2020,EX,FT,Data Scientist,168600,GB,50,IN,L
2022,SE,CT,ML Engineer,133772,US,0,US,L
2023,SE,FT,AI Specialist,180299,US,0,GB,L
2022,EN,FT,Data Engineer,47753,US,0,GB,M
2023,MI,FT,Analytics Engineer,56590,DE,100,US,L
2023,MI,FT,Data Scientist,69829,US,100,US,M
2021,EN,PT,Analytics Engineer,24953,CA,50,US,M
2022,MI,FR,Data Scientist,65881,CA,0,US,M
2023,MI,FT,Data Engineer,98555,FR,0,CA,L
2020,EN,FT,Data Engineer,26271,US,0,US,M
2022,SE,FT,Research Scientist,129680,US,50,FR,M
2023,SE,PT,AI Specialist,70626,AU,0,AU,M
2021,EN,FT,ML Engineer,54619,CA,50,US,M
2022,MI,FT,ML Engineer,79549,GB,100,US,S
2023,SE,FT,AI Specialist,164473,FR,100,US,M
2023,SE,FT,Data Scientist,150872,AU,100,AU,L
2022,SE,FT,Analytics Engineer,108384,US,0,US,S
2023,MI,FT,Data Scientist,101495,AU,0,US,M
2023,SE,FT,Analytics Engineer,78785,US,100,ES,S
2022,MI,FT,Data Scientist,67980,ES,50,GB,S
2021,MI,FT,ML Engineer,119129,US,100,US,L
2023,EN,FR,Analytics Engineer,47632,US,100,AU,M
2021,MI,CT,Analytics Engineer,54288,US,100,AU,M
2023,MI,FT,ML Engineer,93020,FR,0,GB,M
2022,MI,CT,Data Scientist,55563,ES,100,US,L
2022,SE,FR,Research Scientist,105397,US,0,GB,M
2022,MI,FT,Data Scientist,58259,US,0,US,L
2022,MI,FT,Data Analyst,65742,US,0,GB,M
2023,EN,FT,Data Engineer,32849,US,100,US,S
2021,MI,FT,Data Analyst,67449,FR,100,CA,M
2023,MI,FT,Data Scientist,66466,US,0,FR,S
2020,MI,FT,Analytics Engineer,58298,ES,0,ES,M
2023,MI,PT,Analytics Engineer,41402,AU,100,IN,M
2023,SE,FT,Data Scientist,150522,US,100,US,L
2022,EX,FT,Data Scientist,221936,GB,0,US,L
2020,MI,FT,Research Scientist,87527,ES,50,GB,L
2023,SE,FT,AI Specialist,138349,IN,100,US,S
2023,EX,FT,Data Scientist,191942,DE,100,US,L
2022,EX,FT,Data Scientist,251669,US,100,FR,L
2022,SE,FT,AI Specialist,129967,US,0,US,M
2023,EX,FT,Data Engineer,126784,FR,0,US,M
2021,EX,FT,Analytics Manager,227478,US,50,GB,L
2022,SE,FT,Data Engineer,80468,DE,0,ES,S
2022,MI,PT,Data Scientist,59308,DE,100,DE,M
2021,EN,CT,Analytics Manager,52266,GB,0,US,L
2023,EN,FR,Data Analyst,23368,US,100,GB,S
2022,MI,FT,AI Specialist,104921,US,100,AU,M
2023,MI,FT,ML Engineer,130366,IN,100,US,M
2022,MI,FT,Analytics Manager,131984,US,100,CA,M
2022,SE,FT,AI Specialist,135751,US,100,DE,L
2022,SE,CT,Analytics Manager,94128,ES,0,DE,S
2022,SE,FT,Research Scientist,136177,DE,50,US,M
2023,EN,FT,Data Scientist,56765,GB,0,AU,L
2023,MI,FT,Analytics Engineer,67556,IN,100,US,S
2023,SE,FT,AI Specialist,174301,US,100,US,L
2022,SE,FT,Research Scientist,84035,ES,0,US,S
2022,EX,PT,Data Scientist,102786,IN,0,GB,M
2021,EX,FT,AI Specialist,129331,US,50,US,S
2023,EX,CT,Research Scientist,138483,US,0,FR,M
2022,MI,FT,Data Engineer,67241,US,100,IN,L
2022,MI,FT,Analytics Engineer,78768,CA,0,US,L
2022,MI,FT,Data Engineer,97063,CA,100,IN,L
2022,SE,PT,ML Engineer,92213,GB,100,ES,M
2023,EX,FT,Analytics Manager,228456,ES,50,US,L
2022,MI,FT,Analytics Engineer,46071,GB,0,DE,M
2023,SE,FT,Data Scientist,141041,FR,100,ES,L
2021,MI,FT,Data Engineer,67173,CA,100,FR,M
2022,EN,CT,Analytics Engineer,44531,GB,50,GB,L
2020,EN,PT,Data Analyst,12672,US,50,AU,M
2023,EN,CT,Analytics Manager,63167,CA,100,DE,M
2022,EX,FR,AI Specialist,186559,CA,100,US,L
2022,MI,FT,Data Engineer,55435,US,100,US,S
2023,SE,FT,Research Scientist,162833,FR,100,GB,S
2022,SE,FT,Analytics Manager,98377,GB,100,US,L
2021,EN,PT,Analytics Engineer,23141,US,0,US,M
2022,EN,FT,Data Analyst,36249,IN,100,US,S
2020,SE,FT,Research Scientist,104250,US,50,IN,M
2023,MI,FT,Data Scientist,83740,CA,100,DE,M
2023,EX,FT,AI Specialist,288268,CA,100,US,M
2023,EN,FT,AI Specialist,111298,US,100,US,L
2023,SE,FT,Principal Data Eng.,254908,GB,100,US,L
2023,SE,FT,Research Scientist,203581,US,100,US,M
2022,MI,CT,Data Analyst,46548,US,100,CA,M
2021,MI,FT,Data Scientist,55065,CA,100,US,M
2022,EX,FT,Principal Data Eng.,272044,US,100,ES,L
2023,MI,FT,Research Scientist,88608,ES,0,US,S
2023,MI,FT,Analytics Engineer,40730,US,50,US,S
2023,MI,CT,Analytics Engineer,60103,US,100,IN,L
2021,MI,FT,Analytics Engineer,65717,AU,100,US,L
2021,SE,FR,AI Specialist,134116,GB,100,US,M
2023,SE,FT,Research Scientist,159785,CA,100,US,M
2021,MI,FT,Data Engineer,58044,DE,50,DE,M
2022,SE,FT,ML Engineer,132579,IN,50,US,M
2022,MI,FT,Data Engineer,62815,US,100,IN,M
2022,EN,CT,Data Scientist,29616,US,0,CA,S
2023,SE,FT,ML Engineer,105785,ES,100,IN,M
2023,EX,FR,Research Scientist,173034,US,100,CA,M
2023,EN,FT,Data Engineer,43923,DE,100,FR,M
2022,MI,FT,Data Scientist,65394,CA,0,DE,S
2022,SE,PT,AI Specialist,105347,GB,100,GB,L
2023,SE,CT,Analytics Manager,117007,FR,0,DE,M
2022,EN,PT,Data Analyst,34507,ES,0,DE,L
2022,MI,CT,Data Analyst,50616,US,50,US,S
2023,SE,PT,Analytics Engineer,57350,CA,0,DE,M
2021,MI,FT,Data Scientist,83418,DE,100,US,L
2020,EN,CT,ML Engineer,32938,US,100,GB,M
2023,EN,CT,Data Analyst,25533,AU,0,US,S
2022,MI,FR,ML Engineer,89156,GB,100,US,M
2021,MI,FT,ML Engineer,53611,US,100,US,M
2022,EX,FT,Principal Data Eng.,180079,IN,100,US,M
2023,SE,FT,ML Engineer,133932,ES,100,US,M
2022,SE,FT,Data Scientist,95901,US,100,US,M
2022,EX,FT,Lead Data Scientist,198466,FR,0,GB,M
2020,MI,CT,ML Engineer,50252,US,0,US,S
2023,MI,CT,Data Scientist,69051,US,50,ES,M
2023,EX,FT,Principal Data Eng.,287339,US,100,FR,M
2022,MI,FT,Data Engineer,60465,IN,100,US,S
2022,SE,FT,AI Specialist,141157,US,50,US,M
2023,SE,FT,Data Scientist,81340,US,0,GB,S
2023,EN,CT,Analytics Engineer,38627,DE,100,US,S
2023,MI,FT,Data Engineer,75257,US,50,GB,M
2023,MI,FT,Analytics Engineer,50358,US,100,DE,S
2022,EN,CT,Data Analyst,33327,US,100,CA,M
2022,MI,FT,Data Scientist,86845,FR,0,US,L
2022,MI,FT,ML Engineer,97637,CA,0,DE,L
2023,SE,FT,ML Engineer,119025,FR,50,US,S
2022,EX,FT,AI Specialist,150127,US,0,IN,M
2021,SE,CT,Data Analyst,96302,GB,100,ES,M
2023,MI,FT,Data Engineer,101285,FR,100,US,L
2022,MI,CT,Data Engineer,55701,US,0,FR,L
2023,MI,FT,Data Scientist,59986,US,100,IN,S
2021,EN,FT,Data Scientist,28745,US,0,GB,S
2022,EX,FT,Analytics Manager,138902,US,0,US,M
2022,MI,FT,Data Scientist,104149,US,100,FR,L
2023,MI,PT,Data Scientist,73056,ES,100,US,L
2023,SE,FT,Data Scientist,139482,GB,100,US,S
2022,MI,FT,Data Engineer,49791,CA,0,CA,M
2022,EN,FT,Data Analyst,42877,US,100,GB,S
2021,EN,FT,Analytics Engineer,42140,CA,50,US,M
2023,SE,FT,Analytics Manager,98137,GB,100,ES,L
2023,SE,FT,ML Engineer,144094,AU,100,US,M
2023,MI,FT,Data Engineer,60389,US,100,GB,S
2021,EX,CT,Research Scientist,164753,FR,0,DE,M
2022,EX,FT,AI Specialist,159058,US,50,US,M
2022,SE,FT,Lead Data Scientist,221207,CA,100,DE,L
2020,MI,FT,Data Engineer,63855,AU,50,CA,M
2021,EN,CT,Data Engineer,31834,CA,100,GB,L
2021,EX,FT,Data Scientist,145109,DE,100,GB,M
2021,MI,CT,Analytics Engineer,67721,IN,100,ES,S
2023,SE,FT,ML Engineer,127524,AU,0,AU,M
2022,SE,CT,Analytics Manager,132374,US,100,US,S
2023,EN,FT,Data Analyst,47121,US,50,US,M
2023,SE,FT,AI Specialist,138801,GB,50,GB,M
2022,EX,FT,Research Scientist,124557,ES,100,AU,S
2022,SE,FT,Research Scientist,76923,GB,0,IN,S
2023,MI,FT,Data Scientist,98695,US,100,US,S
2021,EX,FT,Analytics Manager,180314,GB,100,AU,S
2022,SE,FT,Data Scientist,99064,US,100,US,L
2022,SE,FT,Data Scientist,168783,US,100,US,L
2023,SE,FT,Analytics Manager,86617,US,100,CA,S
2023,SE,FT,Research Scientist,142574,US,50,US,L
2023,MI,FR,Analytics Engineer,83518,DE,100,CA,L
2023,EN,FT,Analytics Engineer,72678,US,0,US,L
2022,MI,FT,Data Analyst,78215,US,100,FR,M
2023,SE,FT,ML Engineer,120718,GB,50,ES,M
2023,SE,FT,ML Engineer,148902,US,100,US,M
2022,SE,CT,Data Engineer,138265,US,50,GB,L
2023,MI,FT,Data Engineer,111942,US,50,DE,L
2023,SE,FT,Research Scientist,126571,US,0,US,M
2022,EX,FT,Principal Data Eng.,209553,DE,50,FR,M
2020,MI,FT,Data Scientist,66886,US,50,CA,L
2021,SE,PT,Research Scientist,92574,US,0,US,L
2023,SE,FT,AI Specialist,166733,US,0,IN,M
2021,SE,FT,Data Scientist,69073,US,100,GB,M
2022,EN,FT,Data Engineer,37789,US,0,US,M
2022,SE,FR,Data Analyst,64233,US,100,US,M
2023,EX,FT,ML Engineer,180812,US,0,FR,M
2023,SE,FT,Research Scientist,137973,US,100,AU,L
2023,EX,FT,Research Scientist,154911,IN,0,US,L
2022,EX,FT,Lead Data Scientist,280871,US,100,US,M
2021,MI,FR,Data Scientist,67478,US,100,US,M
2023,SE,FT,Data Engineer,129360,GB,100,CA,M
2021,MI,FT,Data Engineer,60784,US,50,US,S
2022,EX,FT,Analytics Manager,264453,FR,100,GB,M
2023,EN,FT,Data Engineer,31744,US,0,US,S
2022,MI,CT,ML Engineer,65006,GB,50,GB,M
2023,EX,CT,AI Specialist,134072,ES,50,CA,S
2023,MI,CT,ML Engineer,104702,US,100,GB,M
2023,SE,FT,ML Engineer,151529,US,50,US,L
2022,MI,FT,Data Analyst,66826,CA,100,GB,M
2022,EX,CT,Analytics Manager,189179,ES,50,GB,M
2021,EX,FT,Research Scientist,268811,US,0,GB,L
2022,MI,FT,Analytics Engineer,62523,CA,0,US,M
2022,SE,FT,Data Scientist,85268,US,0,US,S
2022,MI,FT,ML Engineer,133274,CA,100,GB,M
2023,SE,FT,Analytics Manager,209727,US,100,US,M
2020,SE,FT,Lead Data Scientist,183792,CA,100,CA,M
2022,SE,FT,ML Engineer,103594,US,50,US,S
2021,EN,CT,Analytics Engineer,27943,GB,0,US,M
2022,MI,FT,ML Engineer,60196,US,100,CA,M
2020,SE,CT,ML Engineer,103871,DE,0,US,M
2021,SE,FT,ML Engineer,128200,FR,50,US,M
2023,MI,FT,Analytics Engineer,42128,IN,100,FR,S
2023,EN,FT,Analytics Engineer,57774,ES,50,GB,M
2023,MI,CT,Data Scientist,71104,GB,0,AU,L
2022,EX,FT,AI Specialist,177869,DE,0,US,M
2023,EN,FR,Data Analyst,27585,US,100,IN,M
2023,MI,FT,ML Engineer,89825,AU,0,IN,M
2022,EX,FT,Analytics Manager,231221,CA,100,US,M
2020,EN,FT,Data Analyst,38078,GB,50,GB,L
2023,SE,FT,ML Engineer,123002,GB,50,CA,M
2023,MI,FT,AI Specialist,141796,FR,0,GB,M
2021,EX,FT,Analytics Manager,183293,IN,100,US,L
2022,SE,FT,Research Scientist,133356,FR,50,ES,L
2022,EX,FT,Analytics Manager,263976,GB,100,DE,M
2022,MI,PT,AI Specialist,37960,US,50,ES,S
2023,SE,PT,ML Engineer,48620,ES,0,IN,S
2022,SE,FT,Data Scientist,147322,CA,50,IN,M
2023,MI,FT,Data Engineer,76256,GB,100,DE,S
2023,MI,FT,ML Engineer,101376,CA,50,CA,M
2020,EN,FT,Data Analyst,44118,CA,100,AU,L
2023,EX,FT,Research Scientist,175400,DE,100,CA,M
2023,SE,FT,Data Scientist,110981,GB,100,US,S
2022,SE,FT,Research Scientist,119321,IN,100,CA,S
2022,SE,FT,Research Scientist,164805,IN,100,US,M
2023,SE,FT,ML Engineer,164687,GB,100,ES,M
2022,MI,FT,Data Engineer,62842,US,0,CA,L
2021,MI,CT,ML Engineer,70816,CA,100,GB,S
2022,SE,FT,Analytics Engineer,60105,CA,100,US,S
2022,MI,FT,ML Engineer,70468,GB,0,GB,M
2023,EX,FT,Research Scientist,167703,AU,100,US,M
2021,SE,FT,Analytics Manager,121101,US,100,DE,M
2023,MI,CT,Data Engineer,101829,US,50,CA,L
2022,SE,FT,Research Scientist,105759,IN,100,GB,M
2023,EN,CT,Data Analyst,27588,AU,0,US,M
2022,EX,FT,Research Scientist,222310,GB,0,GB,L
2023,EX,FT,Lead Data Scientist,184049,US,50,GB,S
2023,EX,FT,Analytics Manager,279261,GB,100,IN,L
2021,MI,FT,ML Engineer,102289,GB,50,AU,M
2023,EN,FT,Analytics Engineer,55067,GB,100,FR,M
2021,MI,FT,Data Scientist,69837,US,0,US,L
2023,EN,CT,Data Scientist,38758,US,0,US,M
2022,EN,CT,Analytics Engineer,45545,CA,100,AU,M
2022,EN,FT,Data Scientist,49573,CA,0,ES,M
2021,EX,FT,AI Specialist,192142,DE,100,US,M
2022,EN,FT,Data Analyst,40233,US,50,DE,M
2023,EN,CT,Data Engineer,41044,US,100,GB,S
2023,SE,FT,Data Analyst,115848,US,100,US,L
2020,SE,FT,Data Scientist,89876,ES,0,ES,M
2022,SE,FR,Data Engineer,97750,US,0,AU,M
2022,SE,FT,Research Scientist,114476,CA,0,ES,S
2022,EX,FR,Analytics Manager,113228,GB,100,US,M
2021,SE,FT,Data Analyst,65123,IN,100,GB,S
2022,SE,FT,Data Scientist,87714,US,50,AU,S
2023,SE,FT,ML Engineer,116982,GB,0,DE,M
2022,MI,FT,Data Engineer,77875,IN,100,GB,S
2023,MI,FR,Data Analyst,85716,US,0,GB,M
2022,MI,FT,Analytics Engineer,37172,CA,100,US,M
2022,EN,FR,Data Scientist,48972,US,100,CA,M
2022,SE,PT,AI Specialist,85868,ES,0,IN,L
2021,MI,FT,Data Engineer,84237,DE,100,US,L
2021,EN,PT,Data Analyst,22358,US,0,US,M
2023,MI,CT,Data Analyst,72436,IN,50,GB,L
2023,SE,FT,ML Engineer,158544,DE,100,CA,L
2023,MI,FT,Data Engineer,82284,CA,100,US,M
2021,SE,FT,Analytics Manager,203187,US,100,US,L
2020,EX,FT,Lead Data Scientist,199403,US,100,FR,S
2021,EN,FT,Analytics Engineer,40315,CA,0,US,M
2023,SE,FT,Data Engineer,112167,GB,100,CA,M
2023,MI,FT,Data Scientist,120055,IN,100,GB,S
2022,MI,FR,Research Scientist,81992,US,0,GB,M
2023,SE,FT,Data Engineer,158418,CA,50,CA,L
2021,EX,FT,Lead Data Scientist,190012,US,100,DE,M
2022,MI,PT,Analytics Engineer,39750,CA,100,CA,S
2021,SE,FT,AI Specialist,110300,US,0,GB,S
2022,MI,FT,Analytics Engineer,42704,US,100,GB,M
2023,SE,FT,Research Scientist,137267,US,50,GB,L
2023,SE,FT,Data Scientist,119657,CA,0,GB,L
2021,SE,FT,Research Scientist,100702,US,0,GB,M
2021,SE,FT,Research Scientist,92085,FR,100,GB,S
2022,EN,CT,Analytics Engineer,29619,US,50,US,S
2020,SE,FT,AI Specialist,156286,GB,50,DE,M
2022,SE,FT,Data Engineer,124894,CA,0,US,L
2022,SE,FT,AI Specialist,140307,US,100,AU,L
2022,EN,FT,Data Analyst,32609,US,100,CA,M
2022,MI,FT,Data Scientist,69380,US,50,US,M
2021,MI,CT,Analytics Engineer,40787,CA,100,CA,M
2023,EN,CT,Analytics Engineer,36230,ES,0,US,M
2022,MI,FT,Data Engineer,90513,US,0,AU,M
2022,MI,FT,AI Specialist,86906,DE,100,AU,M
2022,SE,FT,Research Scientist,155629,DE,100,IN,M
2023,MI,FT,Data Analyst,67678,DE,0,CA,L
2021,SE,FT,AI Specialist,122816,GB,100,AU,M
2020,SE,FT,Data Scientist,80385,ES,0,CA,S
2023,SE,FT,Data Scientist,123494,GB,100,IN,M
2023,MI,FT,Data Engineer,65200,IN,100,US,M
2022,MI,FT,ML Engineer,64600,US,100,AU,M
2022,SE,FT,Lead Data Scientist,156872,FR,50,DE,M
2023,EX,FT,Principal Data Eng.,356249,ES,100,US,L
2021,MI,FT,Analytics Engineer,79102,AU,100,ES,M
2021,SE,FT,Data Engineer,122815,US,0,DE,M
2022,SE,FT,Analytics Manager,139015,IN,0,AU,L
2022,SE,FT,Data Scientist,150965,US,100,US,M
2023,EN,FT,Analytics Engineer,31044,DE,0,GB,M
2023,SE,FT,Lead Data Scientist,169351,US,100,DE,S
2022,MI,PT,Analytics Engineer,48852,CA,0,US,M
2022,EX,FT,AI Specialist,281311,US,100,FR,L
2022,MI,PT,ML Engineer,75229,US,0,CA,L
2023,MI,FT,Data Scientist,79430,US,100,US,M
2020,EX,FT,Principal Data Eng.,225867,US,100,DE,M
2022,MI,PT,Data Scientist,33593,GB,0,US,M
2023,EN,CT,Data Analyst,41500,IN,100,IN,L
2022,MI,FT,ML Engineer,92584,DE,100,IN,M
2020,EN,FR,Data Engineer,43360,FR,50,GB,L
2022,EN,FT,ML Engineer,36582,FR,0,GB,S
2023,MI,FR,Data Scientist,61928,US,100,US,S
2021,SE,PT,Research Scientist,71020,GB,100,US,S
2023,SE,FT,ML Engineer,107256,GB,50,IN,S
2023,EN,FR,Data Analyst,34223,US,100,US,L
2022,SE,FT,Principal Data Eng.,93874,CA,0,US,M
2021,EN,FT,Research Scientist,41629,DE,0,US,M
2023,EX,FT,Analytics Manager,178389,CA,100,CA,M
2021,EN,FT,ML Engineer,38754,FR,0,IN,M
2023,SE,FT,ML Engineer,114692,US,0,US,M
2023,MI,FT,ML Engineer,82138,FR,100,US,S
2020,SE,FT,Research Scientist,94221,US,0,US,M
2023,MI,FT,Data Scientist,97128,IN,0,US,S
2022,SE,FT,AI Specialist,126414,US,100,US,L
2022,MI,FT,Data Scientist,90179,GB,100,FR,S
2022,EX,FT,Principal Data Eng.,273757,GB,100,GB,L
2022,SE,FT,ML Engineer,134273,US,100,US,L
2023,SE,FT,Analytics Manager,150918,US,50,CA,S
2023,SE,FT,Data Scientist,87201,US,0,FR,S
2022,EX,FT,Research Scientist,202198,CA,100,US,L
2022,MI,FR,Data Scientist,87519,AU,0,US,M
2023,MI,FT,ML Engineer,43815,US,0,FR,M
2023,MI,FT,Research Scientist,78338,GB,100,US,S
2022,MI,CT,Data Engineer,70930,IN,100,IN,M
2022,SE,FT,Analytics Engineer,143863,GB,100,FR,M
2023,EX,FT,Analytics Manager,214363,IN,0,AU,L
2022,EX,FT,Principal Data Eng.,301291,GB,0,US,M
2021,SE,PT,Lead Data Scientist,111670,GB,50,US,L
2022,SE,FT,Analytics Manager,83698,US,100,IN,M
2022,EX,FT,Analytics Manager,131724,US,50,GB,S
2020,EX,FT,Principal Data Eng.,198974,CA,0,US,M
2020,MI,FT,Analytics Engineer,43715,IN,0,CA,M
2023,SE,FT,Analytics Manager,185508,US,100,US,M
2023,SE,FT,Research Scientist,142780,AU,100,CA,M
2022,MI,FT,Data Engineer,52630,US,0,ES,M
2021,MI,FT,Data Scientist,52826,GB,0,DE,M
2023,EX,FT,Lead Data Scientist,251948,AU,0,GB,M
2022,EX,FT,Research Scientist,102834,AU,0,ES,M
2023,EX,FT,ML Engineer,235861,GB,100,DE,M
2022,SE,FT,AI Specialist,149450,US,0,US,M
2021,MI,FR,AI Specialist,72637,US,100,DE,M
2022,MI,FR,Data Scientist,51439,US,100,US,M
2022,SE,FT,Data Scientist,135652,FR,100,US,M
2023,SE,FT,Research Scientist,131857,US,100,CA,M
2021,SE,FT,Data Engineer,53357,DE,0,US,S
2023,SE,FT,ML Engineer,167287,US,0,US,M
2023,MI,FT,Data Analyst,54130,GB,50,CA,M
2023,SE,FT,ML Engineer,108135,US,100,US,M
2023,MI,PT,Data Engineer,51097,GB,0,GB,L
2021,MI,FT,Data Analyst,64944,CA,50,US,L
2022,EN,FR,Data Analyst,33987,ES,0,DE,S
2023,EN,PT,Data Engineer,23231,AU,0,AU,M
2022,EX,FT,AI Specialist,187724,DE,100,US,M
2020,MI,CT,Analytics Engineer,68709,US,100,FR,L
2022,MI,FT,Data Scientist,86065,AU,100,US,M
2021,SE,CT,AI Specialist,125978,AU,100,US,M
2023,SE,FT,Analytics Manager,155350,AU,0,US,M
2022,EN,FT,Analytics Engineer,40448,GB,0,US,M
2023,MI,FT,Data Scientist,73104,US,50,US,M
2023,EN,CT,Data Scientist,51885,FR,100,FR,M
2022,SE,FT,AI Specialist,146022,US,100,FR,M
2023,MI,FR,Data Scientist,80426,US,0,ES,M
2020,EN,PT,Data Analyst,32731,US,100,AU,L
2021,EN,CT,Data Analyst,29816,GB,0,GB,L
2021,SE,CT,ML Engineer,158500,US,50,US,M
2022,EN,FR,Analytics Engineer,32472,DE,100,US,M
2022,SE,CT,Lead Data Scientist,104040,CA,100,GB,S
2022,EN,FT,Data Analyst,51407,GB,100,IN,L
2021,SE,FT,Research Scientist,176501,US,100,US,L
2020,MI,FT,Analytics Manager,80305,AU,0,US,M
2023,MI,FT,Data Scientist,114118,US,100,GB,L
2020,EN,CT,Data Analyst,26354,GB,100,AU,S
2023,SE,FT,Lead Data Scientist,246182,GB,100,GB,M
2023,EX,FT,AI Specialist,176791,US,50,DE,S
2023,EN,FT,Data Analyst,29154,DE,100,GB,S
2022,EN,CT,Analytics Engineer,28103,US,0,US,M
2023,EX,FT,Research Scientist,218424,IN,50,GB,M
2023,SE,FT,AI Specialist,210598,US,100,FR,L
2023,EN,FT,Data Analyst,47413,ES,100,FR,M
2023,MI,PT,ML Engineer,55775,CA,100,GB,L
2022,SE,FT,Analytics Engineer,158172,US,100,US,L
2022,SE,CT,Analytics Manager,159800,CA,0,US,M
2023,SE,FR,Analytics Engineer,118055,US,100,US,L
2020,EX,FT,Principal Data Eng.,267776,ES,50,US,M
2022,MI,FT,Data Analyst,74839,FR,100,US,M
2023,MI,CT,ML Engineer,100434,GB,50,DE,S
2023,MI,FT,ML Engineer,107697,GB,100,IN,M
2022,MI,FT,Data Scientist,94570,ES,100,DE,L
2022,MI,FT,Data Analyst,79402,DE,100,DE,M
2021,EN,CT,Analytics Engineer,27704,GB,0,ES,M
2022,MI,PT,Data Scientist,37885,US,0,ES,S
2023,SE,FT,Research Scientist,188421,US,50,US,M
2023,EN,CT,Analytics Engineer,49701,DE,0,US,L
2022,MI,FT,AI Specialist,101260,CA,100,US,M
2021,SE,FR,Principal Data Eng.,158322,IN,0,AU,L
2023,SE,FT,Research Scientist,172073,GB,100,US,M
2023,SE,FT,Data Engineer,146322,CA,0,US,L
2022,SE,FT,Data Engineer,122892,GB,0,GB,M
2022,SE,FT,AI Specialist,157241,FR,100,CA,M
2021,EN,CT,AI Specialist,30311,US,0,CA,S
2023,MI,CT,Data Engineer,55094,IN,0,FR,M
2022,SE,FR,Data Engineer,115695,US,0,CA,L
2022,MI,FT,Data Engineer,75640,DE,0,IN,M
2023,EN,PT,Analytics Engineer,26229,AU,100,US,S
2023,MI,PT,Analytics Manager,56285,FR,0,IN,L
2023,MI,PT,Data Scientist,41516,US,50,CA,S
2022,MI,FR,Analytics Engineer,46743,DE,100,US,M
2022,EN,FT,Data Analyst,33487,US,100,ES,L
2023,SE,FT,Analytics Engineer,116982,US,100,AU,M
2023,EX,FT,Lead Data Scientist,306062,FR,0,IN,L
2023,MI,FT,Data Scientist,94058,FR,100,AU,M
2023,EX,FT,Data Scientist,283303,US,50,US,L
2022,EN,FT,Data Analyst,34499,ES,0,US,M
2021,EX,FT,Principal Data Eng.,236160,GB,100,US,M
2022,EX,FT,Lead Data Scientist,187696,AU,100,IN,M
2023,EN,FT,Analytics Engineer,53210,FR,100,IN,L
2022,SE,FT,ML Engineer,101358,AU,100,ES,M
2023,EX,FT,Principal Data Eng.,171379,IN,0,IN,L
2023,EX,FT,Lead Data Scientist,197139,ES,100,CA,M
2023,EX,FT,Principal Data Eng.,264311,CA,100,US,M
2023,SE,FT,Data Engineer,114055,US,50,US,L
2022,EN,FR,Data Analyst,27945,US,0,GB,M
2022,SE,FT,Analytics Engineer,106299,FR,0,FR,M
2023,SE,FT,Analytics Manager,127057,US,100,US,L
2021,SE,FT,AI Specialist,104156,AU,0,AU,S
2021,MI,PT,Analytics Engineer,32694,US,0,DE,S
2023,SE,FT,Lead Data Scientist,218010,IN,100,US,M
2023,EN,PT,ML Engineer,39121,GB,100,AU,M
2022,SE,FT,Data Scientist,112407,IN,0,CA,M
2021,EN,FT,Data Engineer,34079,ES,100,DE,S
2022,SE,FT,Research Scientist,148416,GB,100,US,M
2023,SE,FT,Data Analyst,141671,DE,100,US,M
2022,MI,PT,Data Scientist,35637,US,0,US,S
2022,SE,FT,Data Scientist,112181,FR,0,GB,M
2022,MI,PT,Research Scientist,65080,IN,100,FR,M
2023,EX,FT,Lead Data Scientist,187011,US,0,ES,S
2023,SE,FT,Analytics Manager,185486,US,100,AU,M
2022,MI,FR,ML Engineer,78072,GB,0,US,L
2022,EN,FT,Data Analyst,37985,US,100,ES,M
2022,MI,FT,Data Engineer,97824,IN,100,US,M
2022,MI,CT,Data Scientist,40993,US,100,US,M
2021,EX,FT,AI Specialist,188051,ES,100,FR,S
2022,SE,FR,AI Specialist,143975,ES,100,AU,L
2022,MI,PT,Data Engineer,30606,AU,50,ES,L
2022,EX,FT,Research Scientist,178065,CA,50,IN,L
2022,MI,FT,Data Scientist,85279,US,100,US,M
2021,EX,FT,Lead Data Scientist,233655,FR,100,US,M
2021,MI,FT,Data Scientist,73641,DE,100,US,S
2023,SE,FT,Research Scientist,175242,ES,100,CA,M
2021,EX,FT,AI Specialist,121517,US,0,GB,M
2021,MI,PT,ML Engineer,56742,US,100,US,M
2023,SE,FT,Research Scientist,151237,ES,100,GB,S
2021,EX,FT,Analytics Manager,254511,IN,100,CA,L
2023,EN,CT,Analytics Engineer,36244,US,100,DE,S
2022,EN,FT,Analytics Engineer,22735,DE,100,US,S
2023,SE,FT,Analytics Engineer,115280,US,100,US,L
2022,MI,FT,Data Scientist,105731,GB,0,DE,L
2021,EN,PT,Data Analyst,21038,US,100,DE,M
2023,MI,FT,ML Engineer,120679,US,0,US,M
2023,SE,FT,AI Specialist,109445,US,50,US,M
2022,MI,PT,Data Scientist,46055,US,0,ES,S
2023,MI,FT,ML Engineer,83714,GB,50,FR,M
2022,SE,FT,AI Specialist,151093,US,0,US,M
2023,SE,FT,Data Scientist,128602,GB,100,CA,M
2023,SE,FT,AI Specialist,136101,CA,100,CA,S
2020,MI,PT,Analytics Manager,63446,DE,100,US,M
2023,EX,FT,Data Scientist,159342,DE,0,US,L
2023,SE,CT,Data Scientist,91937,US,0,ES,S
2023,EN,PT,Analytics Engineer,22007,US,100,GB,S
2021,EX,FT,AI Specialist,216633,IN,100,US,M
2023,MI,FT,Data Scientist,48514,IN,100,FR,L
2023,EN,CT,Analytics Engineer,38747,ES,100,GB,M
2022,EN,FT,Data Engineer,69794,ES,100,CA,L
2023,SE,FT,Data Engineer,139856,CA,100,US,M
2022,EN,FR,Analytics Engineer,50221,AU,100,US,M
2023,MI,PT,ML Engineer,57087,GB,100,US,M
2023,EN,FT,Data Analyst,51084,FR,100,ES,S
2022,MI,FT,Data Scientist,101391,ES,50,CA,L
2023,MI,FR,Data Analyst,39935,FR,0,IN,S
2022,SE,FT,Data Scientist,124451,US,0,US,M
2022,MI,FR,Data Scientist,86013,US,100,FR,M
2022,EN,FT,Analytics Engineer,48703,US,100,GB,M
2021,SE,FT,AI Specialist,129627,US,50,DE,M
2023,MI,CT,Data Scientist,83506,IN,100,US,M
2022,SE,FT,Analytics Manager,199861,DE,0,CA,L
2023,EN,CT,Data Scientist,53549,US,0,US,L
2023,EN,FT,Data Analyst,33827,DE,100,US,L
2023,MI,FT,Data Analyst,55474,US,50,FR,M
2021,MI,FT,ML Engineer,61746,GB,0,US,M
2023,MI,CT,Data Engineer,58877,US,50,US,M
2020,SE,FT,ML Engineer,64650,GB,50,AU,M
2023,MI,FT,Analytics Engineer,103401,DE,100,US,M
2022,SE,FT,AI Specialist,119046,DE,100,CA,M
2023,SE,FT,Data Scientist,93950,FR,100,IN,S
2022,EN,FT,Data Analyst,20758,US,100,FR,S
2022,SE,FT,Research Scientist,181279,DE,50,US,L
2023,MI,FR,ML Engineer,73867,US,100,CA,S
2022,MI,FR,Data Engineer,58020,GB,0,GB,M
2023,EN,FT,Data Engineer,40115,CA,0,US,M
2023,SE,CT,ML Engineer,124925,DE,100,FR,S
2022,EX,FT,AI Specialist,216893,AU,50,ES,L
2022,EN,FT,Data Analyst,20160,US,50,US,S
2022,SE,FR,Data Scientist,78080,IN,0,US,L
2023,SE,FT,ML Engineer,130291,US,100,DE,L
2023,MI,CT,ML Engineer,76504,GB,0,GB,M
2022,SE,FT,Data Engineer,105615,IN,50,FR,S
2023,SE,FT,Lead Data Scientist,234906,DE,100,US,M
2022,EX,FT,ML Engineer,122512,IN,50,US,M
2022,EX,FT,AI Specialist,244240,IN,100,DE,M
2023,EN,FT,Analytics Engineer,42619,US,0,ES,L
2023,MI,FR,ML Engineer,138144,ES,100,US,M
2022,SE,FT,Data Scientist,178794,AU,100,IN,L
2022,EN,FT,Data Analyst,49449,GB,100,US,S
2021,MI,FT,Data Scientist,102692,US,100,US,L
2021,EX,FT,AI Specialist,208697,US,50,GB,M
2022,EN,FT,Data Engineer,45215,IN,100,US,M
2023,MI,FT,ML Engineer,81698,ES,100,DE,M
2022,SE,FT,Data Engineer,83870,IN,100,US,S
2022,MI,FT,ML Engineer,127959,US,100,GB,L
2023,MI,FT,Data Analyst,99085,US,100,US,M
2021,EX,FT,Principal Data Eng.,206519,GB,100,IN,M
2021,MI,FT,AI Specialist,65805,US,0,AU,M
2023,EN,PT,Data Engineer,19628,US,100,US,M
2021,EN,FT,AI Specialist,52447,US,100,GB,S
2022,EX,FT,Lead Data Scientist,231432,US,100,ES,S
2022,MI,FT,Data Analyst,58211,US,0,US,S
2021,SE,FT,Data Analyst,121374,FR,100,FR,M
2022,EN,FT,Data Analyst,40016,US,100,CA,S
2021,MI,FR,Data Engineer,74980,GB,100,AU,L
2022,EX,FT,Analytics Manager,243517,CA,0,US,M
2023,SE,FT,ML Engineer,94546,ES,0,US,M
2022,EX,FT,Lead Data Scientist,202992,FR,50,US,M
2022,MI,PT,Data Engineer,53271,CA,0,US,M
2022,SE,FT,Analytics Engineer,91988,FR,100,US,M
2023,EX,FT,Research Scientist,207034,DE,50,ES,M
2021,MI,FT,Analytics Manager,106109,DE,100,US,M
2023,MI,FT,Data Engineer,71673,GB,0,US,M
2022,EX,FT,AI Specialist,228308,CA,50,US,M
2023,MI,FR,Analytics Engineer,102043,GB,100,US,L
2022,SE,FT,Principal Data Eng.,192611,US,50,GB,M
2021,EX,FT,Research Scientist,207515,US,0,US,M
2022,EN,FT,Data Engineer,29309,US,0,FR,S
2021,MI,FT,Data Analyst,57934,GB,100,IN,M
2023,EN,FR,Data Analyst,70432,CA,100,US,L
2023,MI,FT,Data Scientist,94265,GB,0,FR,S
2023,MI,FT,Data Scientist,67118,US,100,US,M
2021,SE,FT,AI Specialist,115737,US,0,GB,M
2023,EN,PT,Data Analyst,23018,US,100,AU,S
2022,SE,FR,Principal Data Eng.,175393,DE,0,AU,L
2023,MI,FT,Data Scientist,108590,US,100,US,M
2023,MI,FT,AI Specialist,177229,US,100,GB,L
2022,MI,FT,Analytics Engineer,67136,US,0,US,M
2023,SE,FT,ML Engineer,192648,GB,50,GB,L
2022,MI,CT,Data Engineer,64015,US,0,DE,M
2022,MI,FT,ML Engineer,85428,GB,50,US,M
2021,EX,FT,Lead Data Scientist,145749,CA,0,AU,L
2023,SE,FR,ML Engineer,141839,AU,0,DE,M
2022,MI,FT,Data Analyst,79249,CA,100,US,M
2020,EX,FT,Research Scientist,186776,US,0,IN,L
2023,MI,FT,Data Analyst,57406,US,100,FR,M
2020,EN,FT,Data Scientist,56201,FR,0,US,M
2023,MI,CT,Data Engineer,72361,US,100,GB,M
2021,EN,FT,Data Analyst,33433,AU,50,IN,L
2022,MI,FT,Data Engineer,67842,GB,100,ES,L
2023,SE,CT,Data Engineer,101491,US,0,US,M
2021,EN,FT,Research Scientist,53847,US,0,CA,M
2023,SE,FT,ML Engineer,118334,AU,100,IN,S
2022,EX,FT,Principal Data Eng.,262668,ES,100,ES,M
2023,SE,CT,AI Specialist,177313,IN,100,US,L
2021,SE,FT,Research Scientist,127719,US,0,GB,M
2023,SE,PT,ML Engineer,55569,FR,0,IN,S
2022,EX,CT,Lead Data Scientist,239467,US,100,US,M
2022,MI,PT,Data Scientist,55969,US,100,GB,M
2022,EN,PT,Data Analyst,31719,DE,100,CA,L
2022,SE,FT,Analytics Manager,96353,ES,0,GB,S
2022,SE,FT,ML Engineer,86931,GB,0,DE,M
2021,EN,FT,Data Analyst,43487,GB,100,US,L
2022,SE,FT,ML Engineer,190472,US,100,FR,L
2023,EN,PT,Data Engineer,26032,US,0,US,S
2022,EX,FT,AI Specialist,286551,US,100,IN,L
2021,MI,FT,Data Engineer,68824,IN,100,US,M
2022,EN,PT,Data Analyst,20904,US,50,US,L
2022,EN,CT,Analytics Engineer,29923,DE,50,ES,S
2023,MI,FR,Analytics Engineer,69224,US,100,FR,M
2023,MI,FT,ML Engineer,113044,GB,50,US,M
2022,EN,CT,Data Analyst,29877,US,100,US,M
2023,MI,PT,AI Specialist,59071,US,100,CA,M
2020,EN,FT,Data Engineer,55352,GB,0,ES,M
2023,MI,FT,ML Engineer,136062,CA,100,US,M
2022,MI,CT,Research Scientist,52577,ES,50,ES,S
2022,MI,CT,Analytics Engineer,80538,US,50,US,M
2021,MI,FT,Data Scientist,52614,CA,100,DE,S
2021,EN,FR,Data Analyst,36332,AU,100,US,L
2023,EN,FR,Data Analyst,37505,US,50,US,L
2021,MI,FT,Data Engineer,69746,IN,100,AU,M
2022,SE,FT,AI Specialist,137926,ES,100,US,S
2021,EX,FT,Lead Data Scientist,196028,IN,100,ES,S
2023,EX,FT,Research Scientist,245791,CA,100,US,M
2023,SE,FT,AI Specialist,154215,DE,0,US,L
2023,SE,FT,Data Scientist,138233,GB,50,AU,M
2023,MI,FT,Data Analyst,57938,CA,100,CA,S
2023,SE,CT,Analytics Engineer,52151,ES,0,US,S
2022,SE,CT,Research Scientist,129446,US,100,CA,M
2021,SE,CT,Research Scientist,136071,FR,50,US,L
2022,EX,FT,AI Specialist,151559,GB,0,IN,M
2022,MI,FT,Data Analyst,50951,US,0,US,M
2023,SE,FT,Research Scientist,121611,CA,0,GB,M
2020,SE,FT,AI Specialist,144806,FR,50,US,L
2021,MI,FT,Data Analyst,86516,CA,100,DE,M
2023,EX,FT,Lead Data Scientist,378138,IN,100,AU,L
2021,EN,CT,Analytics Engineer,16179,US,0,IN,L
2020,EX,FT,Analytics Manager,175100,AU,0,US,M
2021,SE,FT,Analytics Engineer,148215,CA,100,US,L
2023,EN,CT,ML Engineer,42713,FR,0,US,M
2021,SE,FT,ML Engineer,151525,US,100,IN,M
2021,EN,FT,Analytics Engineer,48237,GB,100,US,S
2021,SE,FT,Analytics Manager,100989,AU,100,CA,M
2023,SE,FT,Analytics Manager,140782,US,100,US,S
2021,SE,FT,AI Specialist,168771,US,100,ES,S
2020,EX,FT,Lead Data Scientist,128659,FR,100,GB,S
2023,EN,PT,Data Analyst,23534,FR,100,GB,M
2023,MI,FT,ML Engineer,78169,IN,0,AU,M
2021,MI,CT,Data Engineer,67392,DE,0,ES,M
2022,EN,FR,Data Scientist,56119,ES,50,CA,M
2021,MI,CT,Data Engineer,74147,GB,50,FR,L
2023,MI,FT,Data Analyst,83375,CA,100,CA,L
2021,MI,FT,Data Engineer,34076,IN,0,GB,S
2023,MI,FT,ML Engineer,110060,DE,0,US,M
2023,EX,FT,Analytics Manager,213062,US,50,DE,M
2022,MI,CT,ML Engineer,88534,US,100,DE,L
2020,EX,FT,Data Scientist,200388,GB,100,US,M
2023,MI,FT,Analytics Engineer,96411,FR,100,US,L
2023,MI,PT,Data Scientist,44001,GB,0,DE,S
2023,SE,FT,ML Engineer,162935,FR,50,US,M
2020,MI,CT,Data Scientist,74047,IN,100,DE,L
2023,MI,FT,AI Specialist,117938,US,100,DE,M
2023,SE,FT,Research Scientist,135203,CA,100,US,L
2023,EN,FT,Analytics Engineer,40232,GB,100,US,S
2022,MI,FT,Data Scientist,75456,US,0,US,S
2022,SE,FT,Analytics Manager,103333,GB,100,US,S
2022,MI,PT,Data Scientist,35991,GB,100,CA,S
2023,SE,FT,AI Specialist,107459,IN,100,FR,S
2023,MI,FT,Data Engineer,84435,GB,100,IN,M
2022,EX,FT,Lead Data Scientist,264827,US,50,US,M
2021,SE,FT,Data Engineer,110502,GB,0,DE,M
2020,EX,FT,Lead Data Scientist,124719,IN,100,US,M
2022,SE,FT,Analytics Manager,143818,CA,100,IN,S
2023,EN,FT,Data Scientist,44436,US,0,US,M
2020,SE,FT,Data Engineer,96997,AU,50,GB,S
2022,EN,FR,Data Scientist,48846,US,100,GB,L
2023,SE,CT,Data Engineer,73980,US,50,US,S
2022,SE,FT,ML Engineer,122714,GB,50,ES,M
2021,MI,FT,Data Scientist,87175,DE,100,US,L
2022,EX,FT,Analytics Manager,236054,IN,100,US,M
2022,EN,CT,Data Analyst,30355,US,100,CA,M
2021,SE,FT,AI Specialist,107153,FR,100,GB,M
2023,SE,FT,Research Scientist,125458,DE,0,US,S
2022,EN,CT,Analytics Engineer,49738,AU,100,US,M
2023,SE,FT,Research Scientist,204762,AU,100,US,L
2022,SE,FR,AI Specialist,135008,FR,100,IN,L
2020,EN,FR,Analytics Engineer,30852,US,100,CA,M
2021,SE,FT,Data Engineer,84370,US,0,US,M
2021,MI,FT,Data Scientist,97151,AU,50,US,L
2021,SE,FT,AI Specialist,96585,CA,0,AU,M
2023,EN,CT,Data Analyst,36533,GB,0,AU,M
2021,EX,FT,ML Engineer,167546,AU,100,US,S
2023,EX,FT,Principal Data Eng.,242693,IN,0,CA,S
2021,EN,FT,Data Scientist,58908,DE,100,US,M
2021,MI,FT,Data Scientist,63528,AU,0,US,S
2021,SE,FT,AI Specialist,74862,US,50,IN,S
2022,SE,FT,Lead Data Scientist,154313,FR,50,AU,S
2023,MI,FT,Data Scientist,94154,ES,50,US,L
2023,EN,FT,Data Analyst,32352,US,100,IN,S
2021,EN,FT,Analytics Engineer,48088,US,100,DE,S
2022,EX,FT,Principal Data Eng.,215444,FR,50,FR,M
2023,MI,FT,Data Scientist,82398,GB,100,FR,M
2022,EX,FT,Data Scientist,247530,US,100,GB,L
2020,MI,CT,Research Scientist,80113,US,100,ES,L
2021,EX,FT,Lead Data Scientist,157352,US,0,US,M
2021,EN,FT,Analytics Engineer,27697,US,0,GB,M
2023,EN,FR,AI Specialist,47204,IN,100,US,M
2022,EX,FT,Lead Data Scientist,169584,DE,100,IN,S
2022,EX,FT,Lead Data Scientist,255032,DE,50,US,M
2023,MI,CT,Research Scientist,55725,US,100,GB,S
2022,MI,FR,Data Analyst,27003,GB,0,FR,S
2023,MI,FT,ML Engineer,99973,US,100,US,M
2020,MI,FR,Data Engineer,43953,IN,50,US,S
2022,EN,FT,Data Scientist,45704,ES,100,US,S
2021,EX,FR,Principal Data Eng.,206710,GB,0,DE,M
2021,MI,CT,ML Engineer,61387,ES,0,US,M
2022,SE,FT,AI Specialist,170990,US,100,US,S
2023,EN,FR,Data Engineer,33428,US,0,GB,S
2023,EN,FT,Data Analyst,45467,FR,100,ES,S
2023,SE,CT,ML Engineer,111719,US,100,FR,M
2020,MI,FR,Analytics Engineer,61219,AU,0,US,L
2023,SE,FT,Analytics Manager,131909,US,0,AU,L
2020,EN,FT,Data Engineer,37865,FR,100,IN,M
2023,EX,FT,Analytics Manager,233375,US,100,FR,M
2023,SE,FT,Data Scientist,119670,US,100,GB,L
2022,EX,FR,Analytics Manager,179622,GB,0,US,M
2022,EN,FT,Analytics Engineer,37810,ES,100,DE,S
2023,MI,FT,Analytics Manager,92389,CA,100,GB,S
2023,MI,FT,ML Engineer,75284,CA,100,US,M
2021,SE,FT,Research Scientist,143118,US,50,US,M
2023,MI,FT,ML Engineer,93884,US,0,US,S
2020,EN,CT,Data Analyst,40594,US,100,CA,M
2022,MI,FT,Analytics Engineer,99883,IN,100,US,M
2023,MI,FT,Data Scientist,84345,US,50,CA,M
2023,MI,CT,ML Engineer,77507,US,100,IN,M
2022,EN,FT,Data Analyst,37608,CA,0,US,M
2021,MI,FT,Analytics Engineer,56072,CA,0,US,M
2022,SE,FT,Research Scientist,66521,US,0,US,S
2021,MI,FT,Data Analyst,60008,US,50,US,S
2022,MI,FT,Data Engineer,75069,GB,0,IN,L
2022,SE,FT,ML Engineer,95291,DE,50,CA,M
2023,SE,FT,Analytics Manager,111997,US,0,IN,S
2021,MI,PT,Data Engineer,41775,DE,100,ES,M
2021,SE,FT,Data Scientist,135288,US,100,US,L
2022,EX,FT,Data Engineer,193394,AU,100,DE,L
2020,SE,FT,Data Engineer,134227,ES,0,GB,L
2021,EX,FT,Lead Data Scientist,155359,US,100,GB,M
2022,SE,FT,ML Engineer,122278,GB,0,US,M
2022,EN,FT,Data Analyst,32252,US,100,US,M
2022,MI,FT,Research Scientist,107374,IN,100,DE,S
2022,SE,FT,AI Specialist,118737,GB,50,CA,M
2023,EX,FT,ML Engineer,171072,CA,0,US,M
2022,MI,FT,Data Engineer,78026,US,100,US,S
2022,EN,CT,Data Scientist,68465,US,100,CA,L
2020,SE,FT,AI Specialist,181326,DE,100,DE,M
2021,EN,PT,ML Engineer,16234,CA,100,GB,S
2022,SE,FT,Data Engineer,122829,IN,100,US,M
2023,SE,FT,AI Specialist,169534,IN,0,US,L
2020,SE,FT,Data Engineer,116403,CA,100,FR,L
2021,EX,FT,AI Specialist,178287,GB,50,FR,M
2022,SE,PT,AI Specialist,127309,AU,50,US,L
2022,SE,FT,AI Specialist,184485,FR,0,GB,L
2023,SE,FT,Data Analyst,139527,AU,100,GB,L
2021,SE,FT,Data Scientist,144985,ES,100,CA,L
2020,EX,FT,Lead Data Scientist,245332,US,0,US,M
2022,EN,FR,Data Analyst,37987,DE,50,CA,L
2021,SE,FT,ML Engineer,78921,DE,50,ES,M
2021,MI,FT,Analytics Engineer,75428,US,100,US,L
2022,EX,FT,ML Engineer,161445,CA,100,US,S
2022,SE,FT,Analytics Manager,231651,GB,50,US,L
2021,MI,FT,Data Analyst,59055,GB,50,US,L
2022,EN,CT,Analytics Engineer,43921,US,100,AU,M
2022,MI,FT,Data Scientist,64153,FR,50,ES,L
2020,SE,FT,Analytics Engineer,126835,DE,100,US,M
2023,MI,FR,Data Scientist,55489,GB,0,AU,S
2022,EN,PT,Data Analyst,17047,US,0,US,S
2023,EX,CT,Lead Data Scientist,340294,GB,50,CA,L
2023,SE,CT,AI Specialist,159296,US,100,DE,M
2022,EN,FR,Data Engineer,30419,US,50,US,M
2021,MI,PT,Data Engineer,37929,US,0,GB,M
2023,EX,FT,Lead Data Scientist,372902,AU,100,CA,M
2022,SE,FT,Research Scientist,212185,US,100,US,M
2021,SE,FT,ML Engineer,178734,CA,50,ES,L
2022,MI,CT,Data Analyst,29884,IN,0,US,M
2022,MI,PT,Data Analyst,55567,GB,100,US,L
2023,EN,FT,Data Analyst,35407,AU,50,ES,M
2023,SE,FT,ML Engineer,221183,US,100,GB,L
2023,EN,FR,ML Engineer,38776,US,0,US,M
2023,EN,CT,Analytics Manager,56342,US,0,US,M
2023,SE,FT,Data Scientist,93654,CA,50,US,S
2022,EX,FT,Principal Data Eng.,237233,ES,100,US,M
2023,SE,FT,AI Specialist,161357,CA,50,US,M
2023,MI,CT,Data Scientist,54733,CA,0,GB,L
2023,MI,FR,AI Specialist,122492,US,50,GB,M
2023,MI,FR,Data Scientist,49727,AU,100,IN,S
2022,MI,FT,Data Scientist,55174,GB,0,AU,M
2021,SE,FT,Data Scientist,164563,US,100,US,L
2023,MI,FT,Data Engineer,103540,ES,100,ES,M
2020,SE,FT,Analytics Manager,101642,GB,50,IN,S
2021,EX,FT,Research Scientist,154743,US,100,AU,M
2022,EX,FT,Data Scientist,150061,US,100,DE,M
2022,EN,FT,Data Analyst,27931,US,0,US,M
2022,MI,FR,Data Scientist,66020,FR,0,US,M
2021,EN,FT,Analytics Engineer,35498,GB,0,AU,M
2021,MI,FT,Research Scientist,81278,ES,0,GB,M
2021,MI,FT,Data Engineer,78033,US,100,AU,M
2022,EN,FR,Data Scientist,43161,CA,100,DE,S
2020,SE,FT,Research Scientist,140335,DE,100,US,L
2023,MI,FR,Data Scientist,59955,CA,0,US,M
2021,EX,FT,Research Scientist,180563,GB,50,ES,M
2022,EN,CT,Data Analyst,24379,CA,0,US,S
2022,EN,FR,Data Scientist,50373,DE,100,DE,M
2022,MI,PT,ML Engineer,46132,IN,0,ES,L
2023,EN,FT,Analytics Engineer,47323,US,100,US,S
2021,MI,FT,Research Scientist,60326,GB,100,US,S
2022,EX,FT,Lead Data Scientist,155987,CA,0,GB,S
2023,MI,FT,Analytics Engineer,99593,US,100,IN,M
2020,EN,PT,Analytics Engineer,20667,US,100,GB,L
2023,SE,CT,AI Specialist,173079,ES,100,US,M
2023,MI,FT,ML Engineer,67491,US,50,US,M
2022,SE,CT,Data Engineer,64554,US,0,US,L
2023,MI,FT,Analytics Engineer,63942,CA,100,US,L
2022,SE,FT,ML Engineer,117343,US,0,US,M
2022,EN,FT,Data Analyst,40282,US,100,IN,S
2021,MI,CT,Analytics Engineer,61299,US,0,US,M
2020,SE,FT,Research Scientist,190515,US,100,IN,L
2021,EX,FT,Analytics Manager,241762,GB,100,AU,M
2022,MI,PT,Analytics Engineer,30843,IN,0,CA,M
2022,SE,FT,Research Scientist,134313,US,50,CA,L
2021,EN,FT,Data Analyst,44126,GB,100,US,M
2022,EN,FT,Analytics Engineer,49716,CA,0,CA,M
2021,EN,PT,Data Engineer,17339,US,100,US,S
2022,SE,FT,Analytics Manager,233656,GB,100,US,L
2021,MI,FT,Data Engineer,44352,US,50,CA,M
2023,SE,PT,Analytics Manager,102995,US,100,US,M
2022,EN,FT,Data Scientist,43120,US,100,US,S
2023,EX,FT,Analytics Manager,274173,US,100,CA,L
2020,SE,FT,Principal Data Eng.,161533,AU,0,GB,L
2022,EN,PT,Data Analyst,16645,ES,0,US,M
2023,EN,FR,Data Analyst,30177,IN,0,US,S
2020,EN,FT,Data Scientist,56859,US,100,US,L
2022,EX,FT,Analytics Manager,300887,FR,100,GB,L
2020,MI,FR,Data Engineer,79233,CA,100,GB,M
2021,SE,PT,Analytics Engineer,54122,US,0,US,M
2022,MI,FT,Data Analyst,62664,AU,100,CA,L
2021,SE,FR,Data Engineer,88474,FR,100,ES,L
2022,MI,FT,Analytics Engineer,105968,US,100,CA,M
2023,SE,FT,Lead Data Scientist,210116,ES,0,GB,M
2021,EX,FT,AI Specialist,235394,US,100,CA,M
2021,EN,CT,Data Engineer,40735,GB,0,IN,L
2023,SE,FT,Data Analyst,112248,US,0,ES,M
2022,EN,FT,Data Analyst,46751,US,100,US,S
2023,MI,FT,Research Scientist,73596,ES,50,US,S
2022,EX,FT,Research Scientist,234586,CA,50,US,L
2022,SE,FT,Data Scientist,110973,US,100,FR,L
2023,SE,FT,Analytics Manager,181443,FR,100,US,L
2021,MI,FT,Analytics Engineer,74638,IN,0,AU,M
2023,MI,FT,Data Analyst,103132,AU,100,US,L
2022,MI,FT,AI Specialist,117739,AU,50,CA,L
2023,SE,FR,ML Engineer,53774,AU,0,US,M
2021,MI,FR,Data Scientist,49930,CA,50,GB,S
2022,MI,FT,Analytics Engineer,91387,US,100,GB,L
2021,MI,FT,Analytics Engineer,48247,AU,0,FR,S
2023,MI,FT,Data Engineer,78415,US,50,GB,M
2020,MI,FT,Data Scientist,80312,US,100,GB,M
2020,EN,FT,Data Analyst,31036,GB,100,DE,M
2023,EX,FT,Principal Data Eng.,269483,US,100,AU,M
2022,SE,FT,AI Specialist,172525,CA,100,FR,L
2022,EN,FR,Analytics Engineer,26106,AU,50,DE,S
2022,SE,FT,ML Engineer,214692,GB,50,GB,L
2023,SE,FT,Research Scientist,111525,GB,50,AU,S
2021,MI,FT,ML Engineer,48559,GB,100,GB,M
2022,EN,FR,Data Analyst,51922,DE,0,AU,L
2022,EN,PT,Data Scientist,17350,US,0,FR,S
2022,EN,FT,Analytics Engineer,48314,US,0,US,M
2021,SE,FR,Lead Data Scientist,124568,CA,50,US,L
2021,EX,FT,Principal Data Eng.,213379,GB,100,FR,S
2023,EN,FR,Data Analyst,32141,US,100,DE,S
2021,SE,FT,ML Engineer,155447,US,50,CA,M
2022,EN,FT,Analytics Engineer,53054,US,100,ES,L
2022,SE,FT,Research Scientist,118754,DE,100,GB,M
2022,SE,CT,Analytics Manager,137291,GB,50,US,M
2023,MI,FT,Analytics Engineer,82835,GB,50,CA,L
2022,EN,PT,Analytics Engineer,16706,AU,100,US,M
2023,SE,FT,Lead Data Scientist,128632,DE,0,CA,M
2023,EX,FT,Principal Data Eng.,389778,US,100,AU,M
2023,MI,FT,Data Analyst,44740,CA,100,US,M
2023,EN,FT,Research Scientist,68955,US,100,IN,M
2021,EN,CT,Data Analyst,30835,US,100,FR,M
2023,SE,FT,Research Scientist,177783,DE,100,US,S
2023,SE,FT,Data Scientist,110778,US,100,IN,M
2022,SE,FT,Research Scientist,106479,US,0,FR,S
2021,SE,PT,Analytics Engineer,70915,AU,100,GB,M
2021,EX,FT,Research Scientist,164423,DE,100,US,S
2022,SE,FT,ML Engineer,116544,AU,100,US,M
2022,MI,FT,Research Scientist,107990,AU,100,CA,L
2023,SE,FT,Research Scientist,120654,US,0,US,M
2022,MI,FT,Data Scientist,67233,CA,100,US,S
2022,MI,FT,Data Scientist,96369,US,100,AU,M
2021,EX,FT,AI Specialist,237812,DE,100,DE,L
2021,SE,FT,Data Analyst,103766,US,100,DE,M
2020,EX,FT,ML Engineer,217157,US,100,ES,L
2023,MI,FT,Data Engineer,103500,US,100,US,M
2022,SE,FT,Lead Data Scientist,151863,FR,0,US,S
2023,MI,FT,Data Engineer,80475,US,0,CA,L
2023,EN,PT,Data Engineer,36605,CA,100,GB,M
2023,MI,PT,ML Engineer,36142,IN,100,US,S
2022,SE,FT,Analytics Manager,101122,FR,100,FR,L
2023,EN,FR,Data Analyst,39823,US,50,US,S
2023,EX,FT,Principal Data Eng.,208019,US,0,GB,M
2023,EN,PT,Analytics Engineer,24638,AU,0,CA,M
2021,EN,PT,Analytics Engineer,18594,CA,100,CA,M
2023,SE,FT,AI Specialist,144514,US,100,US,L
2021,EN,CT,Data Analyst,23244,ES,100,US,S
2020,EX,FT,Lead Data Scientist,244291,US,50,AU,L
2023,SE,FT,Research Scientist,143209,GB,100,AU,M
2023,EN,PT,Data Engineer,33859,US,100,GB,L
2021,SE,PT,Analytics Manager,75430,US,0,US,L
2020,SE,FT,Research Scientist,178128,US,100,CA,L
2023,SE,CT,Analytics Engineer,119617,DE,100,US,M
2021,SE,FT,ML Engineer,101064,US,0,US,M
2020,SE,FR,Analytics Manager,123408,DE,0,US,M
2023,SE,FT,Research Scientist,149277,FR,100,US,M
2023,MI,FT,Research Scientist,98238,IN,100,US,M
2022,SE,FT,ML Engineer,156122,US,100,US,L
2022,EX,FT,Analytics Manager,220654,FR,100,IN,S
2022,SE,FR,Analytics Manager,120434,US,50,GB,L
2021,SE,FT,AI Specialist,125264,DE,100,GB,S
2023,MI,FT,Data Engineer,151437,US,100,US,L
2023,SE,FT,Analytics Engineer,88526,DE,0,IN,S
2022,EX,FT,Principal Data Eng.,207987,US,100,US,S
2022,EN,FR,Data Engineer,40651,CA,0,US,L
2022,MI,FT,Data Engineer,89118,US,50,CA,L
2020,SE,FT,Research Scientist,91977,US,50,DE,L
2022,MI,FR,Analytics Engineer,105400,CA,100,FR,L
2020,SE,FT,ML Engineer,124673,US,0,US,M
2023,EN,FR,Data Analyst,38816,DE,50,US,L
2021,MI,FT,Analytics Engineer,72714,DE,100,US,M
2023,SE,FT,Analytics Manager,132835,CA,0,CA,M
2022,SE,FT,ML Engineer,155549,DE,100,US,M
2023,SE,FT,AI Specialist,139129,FR,100,US,S
2023,SE,CT,ML Engineer,113014,AU,0,US,M
2022,SE,FR,Data Engineer,86347,US,0,ES,L
2021,SE,FT,ML Engineer,99201,CA,100,US,S
2023,SE,FT,Data Scientist,157837,FR,0,US,L
2020,SE,FT,AI Specialist,103975,US,0,AU,M
2021,SE,FT,Analytics Manager,55088,US,100,DE,S
2020,EN,FT,Data Engineer,42486,US,100,CA,M
2023,MI,FR,ML Engineer,115002,CA,100,DE,S
2020,SE,FT,Analytics Manager,141950,US,100,US,S
2022,EX,FT,Lead Data Scientist,198500,DE,100,FR,M
2022,SE,FT,Research Scientist,115660,CA,100,US,S
2023,EN,FR,Data Engineer,42383,CA,100,ES,S
2022,SE,FT,ML Engineer,100195,US,100,US,L
2023,MI,FT,Data Analyst,49882,FR,100,CA,S
2023,SE,FT,AI Specialist,206677,DE,100,GB,L
2022,SE,FT,AI Specialist,222317,US,50,US,L
2022,SE,FT,Data Scientist,98965,US,100,US,S
2023,SE,FT,Lead Data Scientist,229793,US,100,FR,M
2023,MI,FT,Data Analyst,45970,AU,50,US,S
2022,MI,CT,ML Engineer,23104,US,50,ES,M
2022,EX,FT,Principal Data Eng.,234340,US,100,US,S
2020,SE,FT,ML Engineer,148526,US,50,CA,L
2021,SE,FT,Analytics Manager,125810,US,0,CA,S
2020,MI,FR,ML Engineer,70423,US,0,GB,M
2020,EN,FR,Data Engineer,27286,FR,0,CA,S
2021,EN,PT,ML Engineer,24716,GB,100,FR,S
2023,EN,FR,Data Engineer,39451,IN,50,CA,M
2023,MI,CT,Data Scientist,60659,US,0,GB,M
2023,EX,FT,Lead Data Scientist,248450,GB,100,CA,L
2022,SE,FR,ML Engineer,58636,FR,0,US,S
2022,MI,FT,Data Engineer,42273,DE,0,US,S
2021,EN,FT,Data Analyst,35552,IN,100,US,M
2023,MI,CT,Data Engineer,36462,US,100,CA,M
2022,SE,FT,AI Specialist,108840,GB,100,AU,L
2022,MI,FT,Research Scientist,104336,DE,100,US,L
2023,SE,FT,Lead Data Scientist,204786,US,100,GB,L
2023,SE,FT,Data Scientist,95395,IN,0,US,S
2021,EN,FT,Analytics Engineer,21204,US,100,CA,M
2023,SE,CT,Research Scientist,200910,US,100,FR,L
2021,EX,FT,Research Scientist,120691,FR,0,DE,M
2020,MI,CT,Data Scientist,55401,DE,100,DE,M
2020,EN,PT,Data Analyst,14796,AU,50,FR,M
2021,EX,FT,Principal Data Eng.,305807,AU,100,US,M
2023,EX,FT,Research Scientist,273679,US,100,GB,L
2022,SE,FR,Analytics Manager,131461,CA,100,US,M
2020,SE,FT,Analytics Manager,118762,ES,0,AU,L
2023,MI,CT,ML Engineer,86185,US,100,FR,M
2022,SE,FT,Data Scientist,76917,GB,100,US,S
2022,MI,FT,Data Engineer,76178,AU,0,US,M
2022,EN,CT,Research Scientist,31098,US,0,GB,S
2022,SE,FT,Data Engineer,134543,AU,100,ES,M
2022,EX,PT,ML Engineer,85098,GB,0,US,S
2022,SE,FT,Lead Data Scientist,140596,AU,100,CA,M
2023,MI,FT,ML Engineer,64537,CA,100,US,L
2022,EN,FT,Data Engineer,40633,DE,0,CA,M
2022,EX,FT,Research Scientist,119143,FR,100,CA,S
2020,EX,FT,Analytics Manager,178554,US,0,US,M
2023,SE,FT,Analytics Manager,190546,CA,100,FR,L
2022,SE,FT,ML Engineer,130853,AU,100,US,M
2022,MI,FT,Analytics Engineer,40130,ES,0,IN,S
2023,MI,FT,Data Analyst,90291,ES,100,US,M
2022,EN,CT,Analytics Engineer,35578,CA,100,CA,M
2021,EN,PT,Data Analyst,32193,CA,100,US,M
2022,MI,FR,ML Engineer,65258,GB,50,CA,S
2022,SE,PT,Data Scientist,95854,CA,100,US,L
2023,EN,CT,Data Analyst,29824,CA,100,CA,S
2022,MI,PT,AI Specialist,42543,US,0,US,S
2021,SE,FT,Lead Data Scientist,162198,US,100,US,S
2022,MI,FT,Data Scientist,92496,CA,0,IN,M
2022,EN,FT,ML Engineer,35242,US,100,GB,M
2020,SE,FT,Data Scientist,131683,US,50,GB,M
2023,MI,CT,Data Scientist,82009,US,100,CA,M
2020,SE,FT,Data Scientist,107715,FR,50,GB,M
2023,EX,FT,Analytics Manager,282428,ES,0,IN,M
2023,EN,CT,Data Engineer,68107,CA,100,US,L
2020,EX,FT,Lead Data Scientist,246109,ES,100,ES,M
2023,EX,FT,Data Engineer,138905,AU,100,IN,S
2023,SE,FT,ML Engineer,126872,US,100,GB,L
2022,SE,FT,Principal Data Eng.,192331,US,0,US,L
2022,SE,FT,Research Scientist,195864,US,100,DE,M
2020,SE,FT,ML Engineer,73764,US,0,FR,L
2020,SE,FT,ML Engineer,138571,CA,0,US,M
2023,EN,FT,Data Analyst,43458,US,100,US,M
2021,EX,FT,Analytics Manager,158561,AU,100,US,L
2021,SE,FT,ML Engineer,143598,CA,0,FR,L
2022,SE,PT,Research Scientist,85611,US,0,DE,M
2021,MI,PT,Data Scientist,41006,ES,100,US,M
2023,EN,FT,Analytics Engineer,32188,ES,0,GB,M
2023,SE,FT,Analytics Engineer,120038,FR,0,FR,S
2023,SE,FT,Analytics Engineer,108282,FR,0,ES,L
2020,MI,CT,Data Engineer,66695,ES,0,US,M
2022,MI,FT,Research Scientist,60075,CA,0,US,M
2023,MI,FT,ML Engineer,100452,AU,100,US,M
2022,SE,FT,Data Engineer,120985,US,50,CA,M
2023,MI,FT,Data Scientist,101503,GB,100,US,M
2022,EX,FT,Analytics Manager,335485,GB,100,US,L
2022,EN,FT,Analytics Engineer,39957,US,100,FR,M
2022,MI,FT,Data Scientist,97561,US,100,GB,M
2023,MI,CT,Analytics Manager,70713,US,100,US,M
2021,SE,FT,Data Engineer,79079,US,100,US,M
2023,MI,FT,Data Scientist,66118,US,100,US,S
2022,SE,CT,Research Scientist,130414,GB,100,US,M
2021,EX,FT,Analytics Manager,233262,IN,100,US,S
2023,MI,FT,Analytics Engineer,105982,CA,100,US,M
2022,SE,FT,Research Scientist,139363,DE,0,US,L
2021,EN,FT,Data Analyst,41385,US,100,AU,M
2023,MI,CT,ML Engineer,102036,IN,100,AU,M
2023,MI,PT,Data Scientist,53742,US,0,US,M
2022,EN,FR,Data Analyst,28895,US,100,CA,S
2023,SE,FT,Principal Data Eng.,191281,GB,0,US,L
2022,SE,FT,Analytics Manager,138280,AU,0,IN,M
2022,SE,FT,Research Scientist,123322,ES,100,IN,S
2021,SE,FR,Principal Data Eng.,93897,FR,0,CA,S
2021,SE,FT,Analytics Manager,162437,DE,50,CA,L
2022,MI,PT,Analytics Engineer,36937,GB,50,US,M
2022,EN,PT,Analytics Engineer,19702,DE,100,US,M
2023,EN,CT,Analytics Engineer,36847,US,50,GB,S
2022,SE,FR,Research Scientist,120017,US,100,US,S
2022,EX,FT,Principal Data Eng.,381759,ES,100,DE,L
2023,EN,FT,Analytics Engineer,44627,ES,100,GB,S
2023,SE,FT,Data Engineer,94041,US,100,US,S
2022,SE,FT,ML Engineer,115120,US,100,CA,M
2023,SE,FT,AI Specialist,181768,US,50,FR,L
2023,SE,FR,ML Engineer,139555,GB,100,CA,M
2020,SE,FT,Analytics Engineer,77575,US,100,GB,S
2022,SE,FT,ML Engineer,94853,CA,0,IN,L
2021,EX,CT,Lead Data Scientist,133867,US,0,US,M
2023,EN,FR,Data Analyst,44963,US,100,CA,L
2022,EX,FT,AI Specialist,248721,US,0,US,L
2022,EN,PT,Data Analyst,16926,FR,100,US,M
2023,SE,FT,ML Engineer,141465,US,50,ES,M
2022,EN,CT,Data Analyst,35514,GB,100,US,M
2022,EN,CT,Data Analyst,33163,CA,0,US,L
2023,EN,PT,Data Engineer,29272,FR,100,US,L
2023,MI,FT,Analytics Engineer,70539,US,50,ES,L
2023,MI,FR,Analytics Engineer,57440,DE,0,IN,M
2021,EN,FT,Analytics Engineer,51716,US,50,US,M
2021,MI,CT,Data Analyst,65243,CA,50,CA,M
2021,MI,FT,Data Analyst,47964,GB,100,US,M
2022,SE,FT,ML Engineer,127021,AU,100,DE,M
2021,EX,FT,AI Specialist,117254,ES,0,GB,L
2023,SE,FR,Research Scientist,131868,FR,100,US,M
2023,EN,FT,Analytics Manager,60431,AU,50,GB,S
2022,MI,FT,Data Engineer,92663,US,0,AU,M
2022,EX,FT,Analytics Manager,140134,CA,100,US,M
2022,EN,FT,Data Scientist,45882,US,100,US,L
2022,MI,FT,Data Scientist,88503,US,100,ES,M
2023,EX,FT,Lead Data Scientist,162251,GB,50,US,M
2021,EX,FT,Analytics Manager,202067,FR,50,GB,M
2023,MI,FT,Data Scientist,99905,DE,100,GB,M
2021,SE,FT,Lead Data Scientist,82429,IN,0,US,S
2022,MI,FT,Data Analyst,68898,GB,0,US,L
2023,SE,FT,Analytics Manager,143707,AU,100,US,L
2021,EN,FT,Analytics Engineer,53683,AU,100,US,M
2021,EN,PT,Analytics Engineer,23990,IN,50,GB,M
2022,SE,FT,ML Engineer,87793,US,0,IN,S
2022,MI,CT,Data Engineer,49030,GB,100,US,M
2021,SE,FT,Data Engineer,104518,DE,0,DE,M
2020,MI,FT,Research Scientist,110927,ES,0,US,L
2020,EX,FT,Analytics Manager,128231,US,0,US,S
2022,SE,FT,Analytics Manager,169413,US,100,GB,L
2021,MI,FT,Data Engineer,64185,US,100,US,M
2023,SE,FT,Data Scientist,145296,US,0,CA,M
2023,MI,FT,Data Engineer,44736,IN,0,US,M
2021,MI,FT,Analytics Engineer,88362,US,100,DE,M
2022,EN,FR,Analytics Engineer,38660,US,100,AU,M
2021,EX,FT,Principal Data Eng.,280025,DE,100,US,L
2022,SE,FT,Analytics Manager,122314,US,0,AU,M
2021,EX,FT,Analytics Manager,192430,US,100,US,S
2023,EX,FT,AI Specialist,195286,CA,100,US,M
2022,EX,FT,Analytics Manager,274270,GB,100,US,M
2022,MI,CT,Data Scientist,75162,ES,0,IN,M
2023,EX,FT,Lead Data Scientist,195263,FR,100,DE,M
2023,SE,FT,Research Scientist,143594,ES,50,ES,S
2022,MI,FT,Data Analyst,50604,US,0,DE,M
2021,SE,PT,Data Engineer,65495,FR,0,US,L
2023,MI,PT,AI Specialist,88309,GB,100,AU,L
2022,MI,CT,ML Engineer,52261,DE,50,ES,S
2023,MI,FR,Research Scientist,109486,GB,100,FR,M
2023,EN,CT,Data Analyst,42175,US,100,GB,M
2022,MI,FT,Data Scientist,71196,US,100,IN,S
2021,EX,FT,AI Specialist,186920,IN,0,US,M
2021,SE,FT,Analytics Manager,134146,IN,100,AU,S
2022,SE,FT,Data Scientist,74083,US,0,ES,S
2022,MI,FT,Data Scientist,69970,CA,50,DE,M
2023,MI,CT,Analytics Engineer,45877,DE,0,US,M
2023,MI,FT,Analytics Engineer,84695,GB,50,US,L
2023,SE,FT,Data Scientist,149087,US,100,ES,S
2023,EN,FT,Analytics Engineer,48046,AU,0,IN,M
2023,SE,FR,Analytics Manager,90069,CA,0,FR,M
2020,SE,FT,Principal Data Eng.,172651,DE,100,ES,L
2022,SE,FT,Research Scientist,154429,CA,0,GB,L
2022,EX,FR,Analytics Manager,195839,DE,0,AU,M
2022,MI,FT,ML Engineer,76252,US,50,US,M
2021,EX,FT,ML Engineer,127426,AU,50,US,M
2022,SE,FT,AI Specialist,144328,US,100,GB,M
2022,SE,FT,AI Specialist,121027,IN,0,US,S
2022,SE,CT,Research Scientist,117860,AU,50,GB,M
2023,SE,FT,Analytics Engineer,81136,CA,100,FR,S
2022,EX,PT,Research Scientist,165685,CA,50,US,L
2022,MI,FT,Data Engineer,73578,US,100,DE,M
2022,SE,FT,Lead Data Scientist,179490,GB,100,US,M
2022,SE,FT,Research Scientist,108598,CA,0,IN,M
2021,MI,FT,Data Scientist,94967,US,50,US,M
2022,EX,CT,Analytics Manager,141804,US,0,DE,S
2022,MI,FT,ML Engineer,95814,ES,0,CA,L
2023,SE,FT,ML Engineer,117316,US,50,US,L
2021,EN,CT,Data Analyst,32217,US,100,US,S
2023,MI,FT,Data Scientist,106550,US,50,US,L
2023,SE,FT,ML Engineer,154298,CA,0,US,M
2022,MI,FT,Data Engineer,54189,GB,0,US,S
2022,MI,FT,Data Engineer,79990,FR,100,US,M
2022,MI,FT,Data Engineer,63543,GB,100,DE,S
2023,MI,PT,Research Scientist,60571,US,0,US,S
2023,SE,FT,Analytics Manager,155082,GB,100,US,M
2023,EX,FT,Principal Data Eng.,189559,US,50,US,M
2023,EN,FT,Research Scientist,65815,IN,100,GB,L
2022,SE,FT,ML Engineer,126142,US,100,GB,M
2023,MI,CT,Data Engineer,105176,US,100,DE,L
2022,SE,FT,AI Specialist,94258,GB,0,CA,M
2022,MI,PT,Data Analyst,39859,US,50,GB,L
2022,MI,FT,Analytics Manager,106756,GB,100,US,M
2023,MI,FT,Data Analyst,76446,GB,0,US,M
2020,SE,FT,Research Scientist,133046,ES,0,DE,M
2021,SE,FT,Research Scientist,214560,US,100,US,L
2022,MI,FT,Research Scientist,91325,CA,100,IN,S
2023,SE,CT,Research Scientist,129876,DE,100,CA,M
2022,SE,FT,Research Scientist,198379,US,100,CA,L
2022,MI,FR,Data Engineer,50465,CA,100,GB,M
2022,SE,FT,Research Scientist,93403,IN,0,AU,L
2022,EX,FR,Lead Data Scientist,231882,FR,100,GB,M
2023,EN,FT,Analytics Engineer,41928,AU,100,GB,S
2023,SE,FT,AI Specialist,185656,DE,100,AU,M
2023,MI,FT,Data Analyst,51685,US,0,CA,M
2023,SE,FT,ML Engineer,137902,AU,0,GB,S
2021,MI,FT,AI Specialist,94189,US,100,US,S
2022,SE,FT,ML Engineer,95488,CA,0,US,S
2022,MI,FT,Data Scientist,87214,FR,0,FR,L
2023,SE,FT,Research Scientist,188917,IN,100,US,L
2021,EX,FT,Principal Data Eng.,193844,AU,100,US,M
2023,MI,FT,Analytics Engineer,54734,US,50,US,S
2021,EX,FT,AI Specialist,180826,DE,0,ES,M
2022,EX,FT,Principal Data Eng.,229191,US,0,GB,L
2022,EX,FT,Lead Data Scientist,188059,FR,100,GB,L
2023,EN,FT,Analytics Engineer,49295,DE,50,AU,M
2023,SE,FT,ML Engineer,121852,US,0,US,S
2022,EN,FT,Analytics Engineer,60145,IN,50,FR,L
2023,MI,FT,Research Scientist,117937,GB,0,DE,L
2023,EX,FT,Lead Data Scientist,193489,GB,0,GB,S
2022,SE,FT,Analytics Manager,184029,ES,0,FR,L
2023,SE,FT,Lead Data Scientist,157742,CA,100,ES,S
2021,MI,FT,Data Scientist,30989,CA,0,US,S
2022,SE,FT,Research Scientist,194287,US,50,US,L
2021,SE,CT,Research Scientist,89329,US,50,IN,M
2022,MI,FT,ML Engineer,68445,US,50,US,M
2022,EX,FT,Lead Data Scientist,183966,US,0,GB,L
2020,MI,FR,Analytics Engineer,88927,US,0,US,L
2022,EN,FT,ML Engineer,47321,GB,0,IN,S
2023,SE,FT,Research Scientist,113029,DE,50,DE,M
2022,EX,FT,Principal Data Eng.,247425,US,100,ES,L
2020,MI,FT,Data Engineer,63405,CA,0,GB,M
2021,MI,FT,Data Scientist,97751,AU,100,ES,L
2022,EN,FT,Data Engineer,53820,US,100,GB,M
2023,EX,FT,Lead Data Scientist,153000,CA,0,CA,S
2023,MI,PT,Data Analyst,33553,US,0,DE,S
2022,SE,CT,ML Engineer,98621,GB,0,GB,L
2023,EX,FT,Lead Data Scientist,296929,FR,0,CA,L
2022,EN,FR,Analytics Manager,50080,US,100,US,S
2023,SE,FT,Data Analyst,64423,US,0,US,S
2021,SE,FT,Data Scientist,160532,IN,100,DE,L
2022,SE,FT,ML Engineer,116377,US,50,US,S
2022,MI,CT,Analytics Engineer,45701,DE,100,DE,S
2022,MI,FT,Data Analyst,93785,CA,100,US,L
2020,EN,FT,Analytics Engineer,56545,US,100,US,L
2020,SE,FT,Research Scientist,177640,FR,100,DE,L
2022,SE,FT,ML Engineer,153311,GB,100,US,M
2023,EN,PT,Data Analyst,23225,US,50,ES,M
2023,MI,CT,Analytics Manager,58184,ES,0,ES,L
2021,EX,CT,Analytics Manager,175719,GB,50,GB,M
2023,EN,CT,Data Engineer,40998,FR,0,US,M
2022,MI,FR,Data Engineer,80073,US,100,US,L
2023,SE,FT,Analytics Manager,63137,US,50,FR,M
2021,MI,FT,ML Engineer,103804,FR,50,US,L
2023,MI,FT,Data Engineer,55353,DE,100,AU,S
2023,MI,FT,Data Scientist,105176,US,0,ES,L
2023,EN,FT,Data Engineer,65791,FR,100,US,M
2023,SE,FT,ML Engineer,129546,GB,50,DE,M
2022,SE,FR,AI Specialist,169816,US,100,GB,L
2023,SE,CT,ML Engineer,123293,FR,100,GB,M
2022,EN,FT,Analytics Engineer,50344,CA,0,US,L
2022,SE,FT,Principal Data Eng.,187040,GB,100,DE,M
2023,EN,CT,Data Analyst,32285,FR,0,US,L
2022,SE,CT,Data Scientist,101851,GB,100,AU,L
2022,MI,FT,Analytics Engineer,92735,AU,100,GB,M
2023,SE,FT,Principal Data Eng.,164928,IN,50,CA,S
2022,MI,CT,Analytics Engineer,60937,US,100,AU,S
2021,EN,PT,Data Analyst,29706,GB,100,DE,L
2022,MI,CT,Data Scientist,94869,ES,100,GB,L
2023,EN,FT,Data Engineer,49848,AU,100,US,L
2023,MI,FT,Data Scientist,79159,US,100,GB,S
2021,SE,FT,Principal Data Eng.,178109,US,50,US,M
2022,SE,FT,Analytics Engineer,169102,US,100,ES,L
2022,EN,CT,Analytics Engineer,67901,IN,100,US,L
2023,EX,FT,Analytics Manager,180436,AU,0,US,S
2023,SE,FT,ML Engineer,108903,FR,0,FR,M
2023,EX,FT,Principal Data Eng.,139902,US,0,US,S
2022,SE,FR,Research Scientist,89567,AU,0,AU,M
2022,SE,FT,Data Scientist,103813,US,50,US,M
2022,SE,FT,Data Engineer,34986,GB,0,US,S
2022,SE,FT,Data Engineer,90865,US,100,CA,S
2022,EX,FT,Principal Data Eng.,286242,GB,0,GB,L
2020,EN,FT,Data Analyst,37208,CA,0,AU,L
2021,MI,CT,Research Scientist,83511,US,100,GB,L
2023,EN,FR,Data Analyst,24405,US,50,US,M
2020,EX,FT,Principal Data Eng.,247376,FR,50,US,M
2022,MI,FT,ML Engineer,99085,US,100,US,M
2023,SE,FT,Data Engineer,125616,GB,100,CA,M
2020,SE,FT,Data Engineer,59646,US,100,US,M
2021,EX,FT,Lead Data Scientist,193339,US,0,GB,L
2022,EN,FR,Data Analyst,38640,US,0,AU,L
2022,SE,FT,Data Scientist,142144,DE,100,GB,L
2022,EX,FT,Lead Data Scientist,236590,GB,100,CA,M
2023,EN,PT,Data Scientist,35305,US,100,US,M
2021,SE,FR,AI Specialist,132672,IN,100,FR,M
2020,MI,PT,Research Scientist,41332,US,0,US,S
2020,SE,CT,Research Scientist,97434,FR,50,CA,L
2022,SE,FT,AI Specialist,119780,US,100,US,M
2022,MI,FR,Data Engineer,89437,AU,100,US,L
2023,EN,CT,Data Engineer,34243,US,0,US,S
2020,EN,FT,Data Engineer,57537,GB,100,US,L
2022,EN,PT,Analytics Engineer,27926,CA,0,AU,L
2022,SE,FT,Principal Data Eng.,164459,CA,100,US,M
2023,MI,FT,Data Scientist,89805,IN,0,ES,L
2022,MI,FT,Data Scientist,94286,US,100,GB,M
2020,SE,FT,Research Scientist,134422,US,0,US,L
2022,SE,FT,Data Scientist,224243,IN,100,US,L
2022,SE,FT,ML Engineer,137343,AU,100,US,L
2023,EX,FT,Principal Data Eng.,480510,GB,50,IN,L
2021,MI,PT,Data Engineer,32271,GB,100,US,M
2023,SE,FT,AI Specialist,187631,FR,100,IN,L
2022,EN,PT,Analytics Engineer,19496,FR,100,US,M
2023,SE,FT,Analytics Manager,146986,AU,50,US,S
2021,EX,PT,Lead Data Scientist,129962,IN,100,US,S
2023,SE,FT,Data Engineer,152164,US,100,DE,L
2023,SE,FT,ML Engineer,168669,CA,100,GB,M
2022,SE,FT,AI Specialist,136650,GB,50,AU,M
2022,MI,FT,Analytics Engineer,48267,US,100,US,L
2021,SE,CT,Research Scientist,110355,IN,0,US,M
2022,SE,FT,ML Engineer,138665,CA,50,FR,M
2023,EX,FT,ML Engineer,159965,US,0,CA,M
2022,MI,PT,Analytics Manager,48503,DE,0,IN,M
2023,EN,FT,ML Engineer,65703,US,0,GB,L
2023,SE,FT,AI Specialist,119189,US,0,DE,M
2023,EN,CT,Data Analyst,38624,CA,100,US,M
2023,MI,CT,Analytics Manager,129240,DE,100,ES,L
2022,MI,FT,Data Scientist,121370,GB,0,US,L
2022,SE,FT,Lead Data Scientist,257583,US,100,IN,L
2021,EN,PT,Data Analyst,20678,CA,100,US,S
2023,EN,FT,Data Analyst,53086,US,100,FR,L
2023,EN,PT,Data Engineer,27934,AU,100,IN,M
2022,EX,FT,Principal Data Eng.,185658,US,100,IN,S
2023,SE,PT,Data Scientist,90241,IN,100,GB,M
2023,EN,CT,Data Analyst,38251,US,100,GB,L
2022,EN,FT,Analytics Engineer,47679,US,100,IN,M
2023,SE,PT,Principal Data Eng.,83168,GB,0,CA,L
2023,MI,FT,ML Engineer,122339,FR,100,CA,M
2021,SE,FT,Analytics Manager,113906,ES,100,US,S
2020,MI,FT,Data Scientist,95993,GB,100,GB,M
2022,EX,FT,Principal Data Eng.,205017,US,100,US,M
2023,MI,FT,Data Scientist,73890,US,50,DE,M
2022,SE,FT,Data Engineer,172027,CA,50,US,L
2023,EN,CT,Data Engineer,43626,US,100,US,L
2023,EX,CT,Analytics Manager,119519,AU,100,IN,S
2023,EX,FT,Analytics Manager,182915,GB,100,GB,M
2022,SE,FT,Data Scientist,118560,FR,100,AU,S
2022,MI,FT,ML Engineer,109938,IN,100,US,M
2021,MI,FT,ML Engineer,74594,US,100,GB,M
2021,SE,FT,ML Engineer,98365,GB,0,GB,M
2021,SE,FR,Analytics Manager,181064,AU,100,US,L
2021,MI,FR,Data Engineer,72750,GB,0,DE,M
2021,MI,FT,Analytics Engineer,68247,CA,100,US,M
2022,MI,CT,Analytics Engineer,57079,IN,0,GB,M
2022,SE,FR,Research Scientist,157529,US,100,US,M
2022,SE,FT,Data Engineer,170311,AU,50,CA,M
2023,SE,FT,AI Specialist,89349,US,0,IN,S
2022,SE,FT,AI Specialist,155737,CA,100,US,L
2023,MI,FT,Data Scientist,80075,US,100,GB,M
2022,MI,FT,Research Scientist,93494,GB,0,GB,M
2020,EN,PT,ML Engineer,24673,US,100,DE,S
2023,SE,FT,ML Engineer,138735,US,0,US,M
2023,MI,FT,Data Analyst,63225,US,0,US,M
2022,MI,FT,Analytics Engineer,65126,US,0,FR,M
2022,MI,FT,Data Scientist,86314,CA,100,GB,M
2022,MI,FR,Data Engineer,79169,US,100,FR,M
2022,SE,FT,AI Specialist,142858,US,100,US,L
2023,MI,CT,Data Scientist,80294,US,100,AU,L
2022,EN,PT,Analytics Engineer,16059,GB,100,US,S
2021,SE,FT,Data Scientist,101156,US,100,US,S
2020,MI,CT,Data Engineer,64954,US,100,GB,L
2021,MI,PT,Data Engineer,59928,CA,50,GB,L
2021,MI,FT,ML Engineer,82480,FR,0,CA,L
2022,SE,FT,AI Specialist,97073,DE,0,US,S
2023,MI,FT,Data Scientist,87415,US,100,US,M
2021,SE,PT,AI Specialist,97291,IN,100,FR,S
2022,EX,FT,Analytics Manager,157556,CA,0,US,L
2021,SE,FT,Analytics Engineer,97327,CA,100,DE,M
2022,MI,FT,Analytics Engineer,76519,US,100,CA,M
2022,SE,FT,Data Scientist,98151,US,0,US,M
2022,MI,FT,Data Analyst,63153,GB,0,DE,M
2023,MI,PT,Data Engineer,39899,US,0,IN,M
2023,SE,FT,AI Specialist,132287,DE,50,IN,S
2023,MI,FT,Analytics Engineer,83065,US,100,US,M
2023,EN,FT,Data Analyst,50799,US,100,GB,L
2022,MI,FT,Analytics Engineer,48370,US,0,AU,M
2022,EN,FT,Data Analyst,41226,US,50,CA,M
2022,MI,FT,Analytics Engineer,48491,GB,0,US,L
2023,SE,FR,Data Analyst,86136,US,50,US,L
2021,EX,FT,AI Specialist,168264,GB,50,DE,S
2021,EN,FT,Analytics Manager,63952,US,100,FR,S
2020,SE,FT,ML Engineer,174299,GB,100,AU,M
2022,MI,FT,Analytics Engineer,71043,AU,100,AU,M
2023,EN,FT,Analytics Engineer,27692,IN,0,US,S
2020,MI,FR,Analytics Engineer,51510,CA,100,CA,S
2022,EN,CT,Analytics Engineer,39666,US,0,US,S
2022,MI,FT,Data Engineer,85248,DE,0,US,M
2023,MI,FT,Research Scientist,80777,AU,100,US,M
2020,MI,FT,Research Scientist,67864,GB,100,AU,S
2020,SE,FT,AI Specialist,150597,US,0,US,L
2022,EN,FT,Data Analyst,47988,FR,50,GB,M
2022,EN,CT,Analytics Engineer,43021,US,100,GB,M
2023,EN,PT,Data Analyst,23319,FR,100,US,M
2022,SE,CT,AI Specialist,160382,US,100,GB,L
2023,MI,FT,Data Analyst,85233,US,0,US,L
2022,SE,FT,Research Scientist,110149,FR,50,US,M
2022,MI,FT,Data Engineer,68114,DE,0,GB,S
2023,EN,FT,Analytics Engineer,51455,CA,0,FR,M
2021,EX,FT,AI Specialist,143373,IN,100,DE,S
2023,EN,FT,Data Analyst,63938,IN,100,IN,L
2020,EN,PT,Data Engineer,21839,GB,0,US,S
2022,EN,FT,Analytics Engineer,62903,ES,100,US,L
2021,EX,FT,Research Scientist,236210,US,100,US,M
2022,SE,FT,Analytics Engineer,115419,US,100,ES,M
2023,SE,FT,Analytics Manager,179107,IN,0,US,L
2020,EX,FT,Analytics Manager,79429,US,50,US,S
2021,EN,CT,Analytics Engineer,45260,IN,0,ES,L
2022,EX,FT,Analytics Manager,179650,US,0,ES,S
2021,MI,FT,Data Scientist,104847,US,0,US,L
2022,SE,FT,Research Scientist,104703,US,0,FR,M
2023,MI,FR,Data Analyst,51669,CA,0,GB,S
2021,MI,PT,Data Scientist,56648,IN,0,GB,L
2022,EX,FT,Analytics Manager,162870,US,100,GB,S
2022,EN,FR,Data Analyst,37845,US,100,ES,S
2022,EX,FT,Lead Data Scientist,289510,US,50,US,L
2022,MI,FT,Analytics Engineer,46910,US,100,FR,M
2023,SE,FT,Analytics Engineer,124717,CA,0,US,L
2022,EX,FT,Lead Data Scientist,179722,CA,50,CA,M
2023,EN,FT,Data Scientist,37545,US,100,CA,M
2022,EX,FT,Research Scientist,198384,GB,50,FR,M
2022,SE,FT,AI Specialist,109364,CA,0,AU,S
2023,SE,FT,Data Analyst,157316,US,50,FR,L
2023,EN,FT,Data Engineer,46226,US,100,DE,S
2023,SE,FT,ML Engineer,162012,CA,100,US,M
2022,SE,FT,AI Specialist,147495,US,50,ES,M
2023,MI,CT,Data Engineer,85263,US,50,GB,M
2023,EN,FT,Data Analyst,30871,US,0,US,M
2023,MI,CT,ML Engineer,95515,FR,100,GB,L
2023,EX,FT,Data Scientist,172583,US,0,US,L
2023,EN,FR,Data Analyst,52887,IN,100,CA,L
2022,SE,FT,ML Engineer,154816,GB,100,US,M
2023,EX,FT,Analytics Manager,195225,GB,50,US,M
2023,EN,FT,Data Analyst,33798,FR,100,AU,S
2023,EN,CT,Analytics Engineer,56325,US,0,AU,L
2023,SE,FT,ML Engineer,86609,US,50,GB,M
2021,EN,CT,Analytics Engineer,41455,US,50,ES,M
2022,SE,FT,Analytics Manager,152425,DE,50,US,S
2022,SE,FT,ML Engineer,175210,GB,100,US,L
2023,SE,FT,Research Scientist,244569,FR,100,AU,L
2023,MI,FT,Data Scientist,110430,GB,50,CA,L
2023,SE,FT,Data Engineer,105911,US,50,FR,S
2023,SE,FT,AI Specialist,171666,US,100,US,L
2022,MI,FT,Research Scientist,89333,US,0,US,M
2021,SE,FT,AI Specialist,141297,IN,0,US,M
2022,EX,FT,Principal Data Eng.,237894,US,100,ES,M
2023,SE,FT,ML Engineer,124599,AU,100,US,M
2023,MI,FT,Data Scientist,67394,US,100,GB,M
2023,MI,FT,Analytics Engineer,70634,GB,0,US,M
2023,EN,FR,Research Scientist,31498,US,0,CA,M
2022,MI,FT,Data Scientist,74517,FR,50,US,M
2023,EN,CT,Data Analyst,20334,US,100,FR,L
2022,EX,FT,Lead Data Scientist,220116,CA,0,GB,M
2022,MI,FT,Data Scientist,86849,AU,0,US,M
2021,SE,PT,Lead Data Scientist,67566,CA,0,US,S
2021,EN,FR,Data Engineer,60812,US,100,US,L
2021,MI,FT,ML Engineer,88080,FR,100,DE,S
2022,MI,FR,Data Scientist,81245,GB,100,IN,M
2021,MI,FR,Data Scientist,48294,US,0,US,S
2022,SE,FT,AI Specialist,134087,GB,100,GB,M
2022,EX,FR,ML Engineer,184067,IN,50,US,M
2022,EX,FT,Data Scientist,151486,GB,0,AU,M
2023,EN,PT,AI Specialist,34341,FR,0,ES,M
2022,SE,CT,Analytics Manager,146583,DE,100,FR,M
2021,EN,CT,ML Engineer,40359,GB,50,US,M
2023,EX,FT,ML Engineer,224072,US,100,GB,S
2023,SE,FT,Data Scientist,125432,DE,50,ES,M
2023,MI,CT,Research Scientist,80383,US,50,US,M
2023,EN,CT,Data Analyst,31418,US,100,DE,M
2021,EN,FT,Analytics Engineer,33886,US,100,AU,S
2023,MI,FT,Data Engineer,101376,IN,0,FR,M
2021,EX,FT,Principal Data Eng.,201442,US,100,CA,M
2022,SE,FT,Research Scientist,117458,US,0,GB,S
2021,EX,FT,AI Specialist,143988,US,50,AU,S
2023,EN,FT,Analytics Engineer,26367,US,100,US,M
2021,SE,FT,Data Engineer,131423,ES,100,AU,M
2021,MI,FT,ML Engineer,69932,GB,50,GB,M
2021,SE,FT,Research Scientist,122846,DE,0,FR,M
2023,MI,FT,Data Scientist,123429,FR,100,AU,L
2022,MI,FT,Data Engineer,74676,US,0,GB,M
2022,SE,FT,ML Engineer,142240,FR,100,US,M
2022,EN,FR,Data Analyst,33100,ES,100,US,L
2023,MI,FT,Research Scientist,115650,FR,100,FR,M
2021,SE,FT,ML Engineer,96638,DE,50,CA,S
2023,EN,FT,Analytics Engineer,28849,GB,100,US,M
2022,EX,FT,AI Specialist,239201,IN,0,IN,L
2021,SE,FT,Principal Data Eng.,211479,US,0,AU,L
2021,SE,CT,AI Specialist,138554,FR,0,AU,M
2020,SE,FT,Data Engineer,151426,US,0,CA,L
2022,SE,CT,Research Scientist,148999,CA,100,ES,M
2021,SE,CT,ML Engineer,99177,AU,100,IN,S
2023,EX,FT,Lead Data Scientist,300438,CA,100,US,M
2022,SE,FT,Principal Data Eng.,146120,US,100,ES,M
2021,MI,FT,ML Engineer,55617,DE,100,GB,M
2022,EN,CT,Data Scientist,43595,AU,100,AU,L
2021,SE,FT,Research Scientist,173176,CA,100,FR,M
2021,EN,FT,Data Analyst,33749,IN,100,CA,M
2022,MI,CT,Data Scientist,79977,IN,100,US,M
2021,EN,FT,Data Engineer,35407,IN,0,US,S
2021,SE,FT,Data Scientist,121196,US,100,US,M
2023,EN,FT,Analytics Engineer,37364,GB,0,DE,L
2023,SE,FT,Data Engineer,120903,IN,50,IN,M
2023,SE,FT,Data Scientist,109960,AU,100,US,S
2021,SE,FT,Analytics Manager,176639,US,0,US,M
2023,MI,FT,Analytics Engineer,97999,US,0,DE,L
2022,SE,FT,AI Specialist,148886,US,50,US,L
2021,SE,FT,ML Engineer,176833,FR,50,US,M
2023,MI,FR,Data Scientist,88258,IN,100,US,M
2020,SE,FT,Analytics Manager,95633,CA,100,CA,M
2022,MI,FT,ML Engineer,102403,US,50,CA,L
2023,EX,FT,Lead Data Scientist,374879,US,100,IN,L
2022,EN,CT,Data Analyst,32225,IN,100,US,L
